ids,labels
0,68
1,80
2,55
3,51
4,71
5,6
6,12
7,7
8,71
9,0
10,12
11,75
12,81
13,69
14,40
15,43
16,92
17,97
18,70
19,53
20,70
21,49
22,75
23,69
24,21
25,16
26,39
27,8
28,8
29,45
30,20
31,61
32,41
33,73
34,56
35,50
36,58
37,35
38,25
39,37
40,63
41,24
42,49
43,30
44,56
45,22
46,41
47,58
48,25
49,17
50,4
51,6
52,9
53,57
54,2
55,32
56,71
57,52
58,42
59,69
60,77
61,27
62,31
63,38
64,26
65,98
66,43
67,0
68,63
69,92
70,66
71,89
72,2
73,91
74,76
75,32
76,82
77,10
78,77
79,40
80,71
81,78
82,54
83,6
84,29
85,89
86,99
87,42
88,2
89,30
90,22
91,18
92,27
93,21
94,13
95,21
96,50
97,7
98,37
99,98
100,45
101,53
102,47
103,86
104,43
105,69
106,76
107,17
108,83
109,59
110,25
111,20
112,27
113,0
114,9
115,71
116,48
117,43
118,57
119,56
120,85
121,2
122,19
123,92
124,33
125,20
126,3
127,90
128,70
129,46
130,69
131,16
132,1
133,74
134,34
135,91
136,60
137,35
138,52
139,23
140,4
141,11
142,52
143,42
144,24
145,95
146,89
147,39
148,51
149,58
150,41
151,77
152,97
153,60
154,45
155,66
156,58
157,20
158,77
159,88
160,36
161,8
162,87
163,10
164,98
165,59
166,54
167,65
168,51
169,83
170,9
171,40
172,27
173,16
174,95
175,83
176,18
177,73
178,18
179,40
180,39
181,64
182,22
183,80
184,16
185,28
186,2
187,95
188,98
189,83
190,12
191,14
192,45
193,13
194,94
195,24
196,58
197,63
198,7
199,87
200,6
201,78
202,68
203,60
204,6
205,23
206,29
207,31
208,80
209,93
210,30
211,11
212,49
213,90
214,97
215,96
216,53
217,30
218,9
219,81
220,94
221,68
222,99
223,77
224,12
225,44
226,0
227,76
228,79
229,71
230,89
231,57
232,59
233,24
234,65
235,45
236,32
237,36
238,82
239,31
240,23
241,24
242,34
243,55
244,11
245,53
246,80
247,93
248,4
249,39
250,91
251,16
252,36
253,68
254,50
255,66
256,8
257,75
258,6
259,42
260,80
261,76
262,11
263,55
264,19
265,91
266,82
267,1
268,6
269,62
270,99
271,51
272,96
273,0
274,42
275,18
276,67
277,50
278,40
279,62
280,78
281,84
282,28
283,89
284,30
285,66
286,6
287,19
288,42
289,92
290,67
291,38
292,86
293,27
294,96
295,12
296,16
297,10
298,88
299,89
300,96
301,86
302,40
303,7
304,39
305,38
306,76
307,31
308,59
309,28
310,19
311,18
312,41
313,42
314,3
315,15
316,67
317,15
318,61
319,8
320,17
321,89
322,32
323,67
324,12
325,2
326,19
327,91
328,94
329,14
330,71
331,36
332,61
333,62
334,5
335,60
336,67
337,73
338,34
339,95
340,9
341,40
342,68
343,62
344,99
345,66
346,46
347,24
348,10
349,28
350,68
351,51
352,49
353,58
354,48
355,40
356,63
357,88
358,35
359,66
360,64
361,39
362,60
363,94
364,63
365,10
366,78
367,54
368,90
369,27
370,90
371,33
372,28
373,29
374,5
375,86
376,7
377,0
378,94
379,11
380,26
381,6
382,41
383,80
384,69
385,27
386,29
387,73
388,85
389,65
390,40
391,57
392,32
393,30
394,50
395,27
396,4
397,49
398,47
399,30
400,40
401,93
402,44
403,71
404,6
405,57
406,55
407,16
408,98
409,48
410,40
411,47
412,71
413,3
414,46
415,66
416,65
417,8
418,53
419,96
420,4
421,58
422,88
423,96
424,68
425,42
426,77
427,28
428,27
429,11
430,24
431,98
432,69
433,51
434,2
435,19
436,31
437,95
438,36
439,10
440,16
441,5
442,81
443,85
444,79
445,85
446,65
447,26
448,4
449,13
450,10
451,86
452,10
453,18
454,2
455,9
456,29
457,27
458,7
459,5
460,58
461,87
462,76
463,87
464,92
465,38
466,33
467,17
468,6
469,0
470,79
471,97
472,6
473,95
474,93
475,6
476,85
477,42
478,3
479,25
480,37
481,75
482,4
483,41
484,0
485,67
486,79
487,87
488,93
489,72
490,43
491,94
492,49
493,3
494,74
495,69
496,57
497,4
498,89
499,71
500,31
501,50
502,90
503,11
504,98
505,41
506,74
507,58
508,47
509,93
510,68
511,11
512,2
513,95
514,54
515,53
516,73
517,36
518,83
519,54
520,64
521,32
522,45
523,98
524,62
525,46
526,95
527,88
528,17
529,18
530,56
531,63
532,8
533,94
534,98
535,14
536,76
537,19
538,99
539,53
540,15
541,51
542,2
543,27
544,73
545,93
546,37
547,54
548,71
549,79
550,33
551,11
552,95
553,72
554,8
555,42
556,62
557,56
558,4
559,47
560,73
561,4
562,20
563,45
564,4
565,49
566,10
567,26
568,45
569,89
570,36
571,68
572,48
573,2
574,26
575,17
576,84
577,38
578,58
579,96
580,50
581,87
582,82
583,10
584,0
585,41
586,54
587,37
588,10
589,98
590,27
591,81
592,91
593,56
594,9
595,7
596,6
597,73
598,1
599,39
600,98
601,55
602,83
603,33
604,43
605,84
606,66
607,42
608,64
609,77
610,98
611,82
612,81
613,20
614,0
615,48
616,64
617,2
618,61
619,58
620,17
621,39
622,76
623,0
624,17
625,64
626,48
627,37
628,93
629,82
630,75
631,96
632,97
633,3
634,62
635,60
636,61
637,32
638,26
639,84
640,89
641,12
642,85
643,95
644,8
645,82
646,32
647,94
648,74
649,87
650,15
651,66
652,89
653,97
654,19
655,0
656,28
657,5
658,56
659,36
660,45
661,1
662,94
663,32
664,87
665,82
666,17
667,64
668,25
669,97
670,30
671,95
672,83
673,77
674,32
675,28
676,77
677,91
678,6
679,68
680,14
681,14
682,1
683,92
684,97
685,45
686,18
687,21
688,49
689,32
690,73
691,88
692,86
693,92
694,14
695,10
696,74
697,25
698,93
699,78
700,77
701,15
702,93
703,10
704,79
705,26
706,31
707,85
708,45
709,93
710,32
711,81
712,97
713,1
714,82
715,0
716,74
717,31
718,59
719,57
720,64
721,76
722,60
723,25
724,2
725,1
726,61
727,75
728,62
729,21
730,61
731,78
732,90
733,68
734,94
735,88
736,95
737,3
738,83
739,50
740,78
741,77
742,38
743,86
744,61
745,41
746,88
747,83
748,2
749,82
750,74
751,15
752,48
753,25
754,4
755,71
756,89
757,98
758,67
759,7
760,85
761,94
762,96
763,60
764,3
765,80
766,13
767,90
768,54
769,15
770,76
771,39
772,95
773,24
774,7
775,64
776,70
777,88
778,81
779,0
780,12
781,64
782,15
783,79
784,86
785,60
786,22
787,80
788,82
789,41
790,48
791,89
792,55
793,53
794,87
795,1
796,13
797,94
798,53
799,29
800,57
801,23
802,46
803,58
804,99
805,78
806,86
807,53
808,37
809,97
810,50
811,15
812,51
813,52
814,63
815,32
816,6
817,36
818,6
819,7
820,37
821,4
822,13
823,22
824,69
825,54
826,92
827,28
828,57
829,46
830,11
831,62
832,85
833,19
834,26
835,76
836,96
837,71
838,76
839,39
840,84
841,47
842,98
843,19
844,52
845,74
846,32
847,39
848,53
849,21
850,98
851,6
852,88
853,71
854,80
855,1
856,55
857,40
858,24
859,93
860,50
861,96
862,16
863,76
864,9
865,10
866,46
867,68
868,24
869,47
870,40
871,40
872,31
873,53
874,10
875,51
876,41
877,77
878,54
879,84
880,20
881,29
882,76
883,26
884,92
885,26
886,44
887,2
888,33
889,69
890,36
891,18
892,90
893,66
894,47
895,37
896,99
897,19
898,58
899,55
900,38
901,27
902,32
903,86
904,12
905,99
906,80
907,28
908,99
909,51
910,72
911,39
912,8
913,56
914,52
915,11
916,98
917,77
918,45
919,3
920,29
921,89
922,37
923,48
924,47
925,56
926,65
927,52
928,83
929,27
930,2
931,71
932,9
933,68
934,22
935,23
936,64
937,31
938,54
939,97
940,71
941,54
942,62
943,56
944,23
945,42
946,81
947,64
948,28
949,47
950,96
951,73
952,42
953,51
954,10
955,11
956,71
957,13
958,30
959,34
960,50
961,47
962,55
963,51
964,6
965,3
966,76
967,47
968,53
969,34
970,60
971,74
972,28
973,24
974,65
975,69
976,89
977,90
978,70
979,58
980,77
981,43
982,43
983,78
984,81
985,38
986,66
987,35
988,84
989,21
990,49
991,12
992,15
993,12
994,35
995,75
996,36
997,76
998,53
999,91
1000,65
1001,23
1002,94
1003,40
1004,72
1005,90
1006,86
1007,44
1008,95
1009,92
1010,25
1011,60
1012,11
1013,29
1014,0
1015,9
1016,90
1017,11
1018,50
1019,90
1020,27
1021,52
1022,4
1023,89
1024,71
1025,12
1026,97
1027,0
1028,3
1029,41
1030,21
1031,86
1032,51
1033,66
1034,13
1035,77
1036,81
1037,30
1038,95
1039,30
1040,59
1041,10
1042,83
1043,8
1044,6
1045,9
1046,26
1047,11
1048,78
1049,26
1050,16
1051,17
1052,39
1053,93
1054,20
1055,3
1056,81
1057,26
1058,52
1059,45
1060,19
1061,29
1062,57
1063,60
1064,71
1065,36
1066,23
1067,42
1068,27
1069,15
1070,41
1071,55
1072,32
1073,20
1074,49
1075,28
1076,20
1077,33
1078,7
1079,56
1080,7
1081,89
1082,1
1083,90
1084,42
1085,65
1086,23
1087,93
1088,96
1089,52
1090,29
1091,29
1092,75
1093,93
1094,89
1095,70
1096,48
1097,82
1098,40
1099,68
1100,55
1101,38
1102,80
1103,63
1104,76
1105,4
1106,54
1107,71
1108,33
1109,49
1110,1
1111,92
1112,99
1113,69
1114,98
1115,62
1116,25
1117,26
1118,40
1119,5
1120,21
1121,94
1122,82
1123,65
1124,19
1125,93
1126,11
1127,61
1128,81
1129,69
1130,9
1131,91
1132,47
1133,34
1134,71
1135,9
1136,0
1137,83
1138,62
1139,44
1140,65
1141,23
1142,5
1143,13
1144,52
1145,58
1146,78
1147,32
1148,37
1149,63
1150,61
1151,19
1152,2
1153,49
1154,64
1155,58
1156,41
1157,92
1158,52
1159,53
1160,41
1161,96
1162,84
1163,25
1164,67
1165,78
1166,95
1167,24
1168,46
1169,98
1170,31
1171,53
1172,16
1173,2
1174,96
1175,51
1176,3
1177,18
1178,60
1179,42
1180,95
1181,89
1182,14
1183,21
1184,15
1185,93
1186,63
1187,85
1188,37
1189,65
1190,66
1191,99
1192,74
1193,53
1194,12
1195,93
1196,42
1197,21
1198,47
1199,21
1200,43
1201,77
1202,55
1203,50
1204,57
1205,69
1206,5
1207,29
1208,41
1209,14
1210,41
1211,77
1212,58
1213,60
1214,26
1215,88
1216,19
1217,19
1218,48
1219,5
1220,81
1221,69
1222,77
1223,71
1224,42
1225,92
1226,31
1227,34
1228,36
1229,30
1230,65
1231,82
1232,88
1233,7
1234,38
1235,57
1236,54
1237,47
1238,11
1239,41
1240,79
1241,90
1242,76
1243,28
1244,24
1245,6
1246,40
1247,76
1248,88
1249,28
1250,98
1251,96
1252,67
1253,64
1254,45
1255,54
1256,95
1257,79
1258,70
1259,46
1260,89
1261,89
1262,64
1263,97
1264,39
1265,53
1266,50
1267,50
1268,56
1269,84
1270,46
1271,58
1272,5
1273,51
1274,5
1275,56
1276,68
1277,62
1278,92
1279,93
1280,15
1281,3
1282,37
1283,50
1284,81
1285,67
1286,41
1287,11
1288,99
1289,41
1290,79
1291,90
1292,59
1293,59
1294,2
1295,10
1296,17
1297,64
1298,90
1299,96
1300,11
1301,43
1302,31
1303,45
1304,0
1305,68
1306,33
1307,49
1308,0
1309,18
1310,53
1311,76
1312,4
1313,74
1314,37
1315,11
1316,6
1317,70
1318,9
1319,69
1320,34
1321,48
1322,71
1323,37
1324,42
1325,44
1326,91
1327,58
1328,78
1329,37
1330,1
1331,5
1332,65
1333,5
1334,29
1335,47
1336,50
1337,63
1338,61
1339,28
1340,99
1341,20
1342,88
1343,50
1344,53
1345,97
1346,59
1347,78
1348,98
1349,44
1350,6
1351,98
1352,49
1353,65
1354,23
1355,68
1356,84
1357,52
1358,17
1359,65
1360,47
1361,12
1362,94
1363,81
1364,76
1365,91
1366,72
1367,2
1368,18
1369,47
1370,92
1371,98
1372,41
1373,0
1374,43
1375,50
1376,43
1377,93
1378,73
1379,4
1380,53
1381,90
1382,8
1383,87
1384,59
1385,31
1386,27
1387,33
1388,65
1389,84
1390,25
1391,41
1392,25
1393,23
1394,68
1395,59
1396,81
1397,43
1398,8
1399,2
1400,27
1401,92
1402,84
1403,80
1404,48
1405,80
1406,25
1407,31
1408,89
1409,88
1410,10
1411,63
1412,76
1413,50
1414,95
1415,94
1416,33
1417,52
1418,25
1419,9
1420,99
1421,68
1422,28
1423,40
1424,47
1425,34
1426,57
1427,13
1428,22
1429,9
1430,95
1431,50
1432,34
1433,43
1434,20
1435,87
1436,91
1437,23
1438,9
1439,17
1440,19
1441,57
1442,78
1443,93
1444,46
1445,13
1446,44
1447,24
1448,10
1449,25
1450,21
1451,56
1452,29
1453,29
1454,51
1455,78
1456,62
1457,53
1458,17
1459,28
1460,28
1461,11
1462,65
1463,48
1464,13
1465,95
1466,95
1467,66
1468,46
1469,8
1470,94
1471,25
1472,70
1473,54
1474,56
1475,86
1476,3
1477,30
1478,13
1479,11
1480,7
1481,91
1482,38
1483,45
1484,51
1485,53
1486,28
1487,9
1488,87
1489,13
1490,30
1491,58
1492,78
1493,31
1494,0
1495,39
1496,65
1497,47
1498,42
1499,26
1500,26
1501,59
1502,64
1503,17
1504,92
1505,14
1506,26
1507,39
1508,94
1509,29
1510,15
1511,45
1512,7
1513,69
1514,9
1515,15
1516,12
1517,27
1518,78
1519,98
1520,55
1521,11
1522,69
1523,66
1524,3
1525,20
1526,54
1527,32
1528,86
1529,84
1530,55
1531,2
1532,6
1533,92
1534,69
1535,47
1536,62
1537,10
1538,85
1539,73
1540,16
1541,2
1542,14
1543,75
1544,59
1545,90
1546,39
1547,79
1548,25
1549,44
1550,57
1551,49
1552,17
1553,49
1554,95
1555,74
1556,63
1557,28
1558,56
1559,21
1560,61
1561,11
1562,9
1563,17
1564,31
1565,52
1566,96
1567,36
1568,58
1569,79
1570,42
1571,78
1572,38
1573,15
1574,7
1575,56
1576,3
1577,55
1578,57
1579,5
1580,76
1581,2
1582,52
1583,92
1584,64
1585,42
1586,87
1587,84
1588,15
1589,83
1590,19
1591,10
1592,61
1593,33
1594,20
1595,76
1596,56
1597,87
1598,92
1599,39
1600,60
1601,72
1602,74
1603,82
1604,68
1605,55
1606,23
1607,42
1608,47
1609,11
1610,25
1611,80
1612,24
1613,17
1614,12
1615,72
1616,13
1617,17
1618,32
1619,21
1620,42
1621,21
1622,11
1623,79
1624,21
1625,61
1626,31
1627,41
1628,16
1629,51
1630,54
1631,54
1632,65
1633,40
1634,72
1635,37
1636,52
1637,92
1638,71
1639,17
1640,47
1641,94
1642,39
1643,27
1644,79
1645,34
1646,26
1647,33
1648,39
1649,48
1650,53
1651,88
1652,20
1653,47
1654,98
1655,13
1656,32
1657,25
1658,61
1659,56
1660,68
1661,27
1662,13
1663,92
1664,87
1665,46
1666,76
1667,67
1668,27
1669,2
1670,69
1671,48
1672,74
1673,11
1674,20
1675,8
1676,77
1677,0
1678,63
1679,7
1680,10
1681,47
1682,84
1683,52
1684,90
1685,69
1686,21
1687,15
1688,78
1689,12
1690,61
1691,5
1692,73
1693,86
1694,85
1695,33
1696,10
1697,4
1698,34
1699,24
1700,56
1701,22
1702,53
1703,42
1704,91
1705,93
1706,53
1707,7
1708,38
1709,17
1710,48
1711,11
1712,92
1713,82
1714,61
1715,21
1716,30
1717,50
1718,52
1719,57
1720,16
1721,81
1722,30
1723,72
1724,96
1725,19
1726,62
1727,30
1728,44
1729,61
1730,2
1731,50
1732,21
1733,87
1734,5
1735,99
1736,37
1737,59
1738,0
1739,44
1740,25
1741,85
1742,54
1743,53
1744,30
1745,69
1746,3
1747,98
1748,49
1749,33
1750,95
1751,99
1752,64
1753,89
1754,31
1755,54
1756,90
1757,88
1758,11
1759,1
1760,92
1761,28
1762,44
1763,47
1764,29
1765,0
1766,40
1767,14
1768,67
1769,49
1770,12
1771,42
1772,44
1773,29
1774,59
1775,8
1776,17
1777,56
1778,11
1779,80
1780,1
1781,82
1782,51
1783,34
1784,86
1785,52
1786,86
1787,93
1788,34
1789,20
1790,32
1791,2
1792,25
1793,91
1794,43
1795,65
1796,64
1797,90
1798,92
1799,34
1800,11
1801,50
1802,68
1803,59
1804,6
1805,79
1806,78
1807,22
1808,86
1809,10
1810,1
1811,75
1812,48
1813,5
1814,81
1815,69
1816,99
1817,19
1818,82
1819,76
1820,31
1821,62
1822,65
1823,77
1824,54
1825,12
1826,73
1827,53
1828,95
1829,48
1830,47
1831,95
1832,49
1833,11
1834,3
1835,17
1836,38
1837,94
1838,55
1839,87
1840,49
1841,93
1842,57
1843,34
1844,67
1845,28
1846,16
1847,51
1848,46
1849,31
1850,25
1851,2
1852,30
1853,21
1854,53
1855,59
1856,56
1857,28
1858,17
1859,53
1860,71
1861,2
1862,94
1863,53
1864,89
1865,57
1866,28
1867,7
1868,54
1869,33
1870,53
1871,87
1872,43
1873,17
1874,69
1875,97
1876,17
1877,6
1878,53
1879,68
1880,44
1881,89
1882,43
1883,80
1884,45
1885,95
1886,37
1887,97
1888,28
1889,39
1890,23
1891,52
1892,24
1893,21
1894,74
1895,99
1896,98
1897,21
1898,59
1899,9
1900,81
1901,88
1902,93
1903,61
1904,17
1905,93
1906,49
1907,13
1908,78
1909,94
1910,40
1911,60
1912,4
1913,89
1914,74
1915,88
1916,45
1917,2
1918,36
1919,26
1920,74
1921,88
1922,56
1923,80
1924,65
1925,0
1926,43
1927,22
1928,47
1929,95
1930,69
1931,69
1932,9
1933,78
1934,19
1935,69
1936,46
1937,97
1938,29
1939,51
1940,64
1941,98
1942,65
1943,36
1944,87
1945,84
1946,41
1947,20
1948,36
1949,4
1950,76
1951,29
1952,63
1953,6
1954,55
1955,99
1956,28
1957,3
1958,38
1959,83
1960,54
1961,31
1962,49
1963,39
1964,66
1965,66
1966,53
1967,54
1968,41
1969,36
1970,61
1971,88
1972,30
1973,89
1974,95
1975,41
1976,89
1977,93
1978,46
1979,78
1980,37
1981,31
1982,22
1983,1
1984,78
1985,13
1986,73
1987,51
1988,95
1989,11
1990,38
1991,98
1992,28
1993,45
1994,42
1995,44
1996,34
1997,10
1998,12
1999,8
2000,92
2001,41
2002,33
2003,64
2004,17
2005,18
2006,99
2007,11
2008,73
2009,63
2010,63
2011,9
2012,58
2013,96
2014,77
2015,1
2016,36
2017,53
2018,92
2019,13
2020,98
2021,21
2022,11
2023,39
2024,49
2025,81
2026,98
2027,3
2028,50
2029,89
2030,95
2031,85
2032,52
2033,48
2034,35
2035,38
2036,3
2037,39
2038,82
2039,43
2040,12
2041,21
2042,18
2043,54
2044,5
2045,25
2046,63
2047,78
2048,4
2049,40
2050,26
2051,15
2052,73
2053,49
2054,30
2055,39
2056,6
2057,9
2058,53
2059,55
2060,12
2061,57
2062,5
2063,17
2064,97
2065,37
2066,48
2067,79
2068,5
2069,83
2070,40
2071,41
2072,48
2073,54
2074,87
2075,65
2076,73
2077,0
2078,19
2079,14
2080,29
2081,20
2082,48
2083,36
2084,76
2085,95
2086,20
2087,59
2088,0
2089,63
2090,79
2091,71
2092,31
2093,45
2094,40
2095,92
2096,87
2097,73
2098,16
2099,50
2100,58
2101,89
2102,97
2103,57
2104,15
2105,69
2106,87
2107,3
2108,20
2109,25
2110,74
2111,49
2112,63
2113,91
2114,56
2115,92
2116,19
2117,65
2118,28
2119,11
2120,41
2121,81
2122,90
2123,89
2124,86
2125,77
2126,41
2127,11
2128,27
2129,87
2130,46
2131,1
2132,36
2133,90
2134,94
2135,71
2136,31
2137,62
2138,95
2139,96
2140,38
2141,95
2142,41
2143,24
2144,89
2145,15
2146,81
2147,84
2148,48
2149,30
2150,52
2151,79
2152,25
2153,68
2154,16
2155,78
2156,22
2157,29
2158,38
2159,52
2160,43
2161,20
2162,98
2163,24
2164,71
2165,49
2166,78
2167,46
2168,84
2169,22
2170,46
2171,89
2172,78
2173,27
2174,26
2175,53
2176,10
2177,41
2178,12
2179,2
2180,4
2181,39
2182,19
2183,56
2184,74
2185,79
2186,2
2187,98
2188,3
2189,22
2190,6
2191,56
2192,14
2193,87
2194,6
2195,87
2196,49
2197,91
2198,12
2199,57
2200,51
2201,7
2202,99
2203,58
2204,5
2205,66
2206,80
2207,76
2208,73
2209,16
2210,14
2211,42
2212,86
2213,10
2214,90
2215,44
2216,24
2217,84
2218,69
2219,97
2220,34
2221,4
2222,26
2223,22
2224,19
2225,67
2226,67
2227,41
2228,46
2229,6
2230,35
2231,29
2232,51
2233,59
2234,62
2235,60
2236,68
2237,78
2238,83
2239,0
2240,41
2241,90
2242,48
2243,82
2244,67
2245,86
2246,28
2247,71
2248,79
2249,43
2250,17
2251,5
2252,17
2253,7
2254,84
2255,57
2256,27
2257,57
2258,68
2259,26
2260,59
2261,74
2262,87
2263,99
2264,3
2265,66
2266,65
2267,15
2268,75
2269,20
2270,47
2271,0
2272,14
2273,12
2274,62
2275,55
2276,63
2277,69
2278,31
2279,73
2280,73
2281,38
2282,55
2283,47
2284,76
2285,87
2286,60
2287,21
2288,47
2289,68
2290,16
2291,19
2292,40
2293,70
2294,61
2295,10
2296,57
2297,37
2298,68
2299,12
2300,28
2301,15
2302,10
2303,47
2304,76
2305,11
2306,95
2307,23
2308,44
2309,3
2310,15
2311,30
2312,56
2313,54
2314,9
2315,15
2316,2
2317,45
2318,57
2319,32
2320,12
2321,58
2322,67
2323,76
2324,95
2325,67
2326,95
2327,26
2328,70
2329,47
2330,5
2331,29
2332,51
2333,44
2334,45
2335,60
2336,34
2337,97
2338,1
2339,93
2340,42
2341,43
2342,2
2343,92
2344,38
2345,80
2346,95
2347,44
2348,25
2349,65
2350,76
2351,20
2352,50
2353,30
2354,69
2355,59
2356,34
2357,51
2358,46
2359,66
2360,31
2361,30
2362,87
2363,90
2364,18
2365,88
2366,38
2367,81
2368,25
2369,90
2370,50
2371,45
2372,17
2373,76
2374,31
2375,0
2376,90
2377,40
2378,5
2379,37
2380,41
2381,36
2382,20
2383,47
2384,4
2385,25
2386,11
2387,78
2388,98
2389,20
2390,67
2391,35
2392,25
2393,55
2394,61
2395,43
2396,58
2397,36
2398,99
2399,60
2400,92
2401,45
2402,59
2403,95
2404,56
2405,78
2406,83
2407,23
2408,52
2409,32
2410,54
2411,33
2412,61
2413,31
2414,53
2415,15
2416,50
2417,3
2418,12
2419,86
2420,4
2421,58
2422,5
2423,95
2424,44
2425,70
2426,61
2427,11
2428,25
2429,33
2430,53
2431,33
2432,94
2433,32
2434,99
2435,34
2436,1
2437,17
2438,74
2439,69
2440,66
2441,37
2442,67
2443,40
2444,93
2445,24
2446,82
2447,23
2448,30
2449,66
2450,30
2451,2
2452,11
2453,9
2454,88
2455,31
2456,31
2457,46
2458,95
2459,54
2460,41
2461,6
2462,19
2463,22
2464,3
2465,73
2466,15
2467,53
2468,3
2469,33
2470,20
2471,63
2472,12
2473,64
2474,23
2475,10
2476,75
2477,79
2478,33
2479,66
2480,55
2481,72
2482,73
2483,84
2484,58
2485,96
2486,34
2487,22
2488,0
2489,41
2490,38
2491,69
2492,85
2493,68
2494,86
2495,37
2496,68
2497,98
2498,21
2499,8
2500,23
2501,76
2502,74
2503,89
2504,60
2505,69
2506,52
2507,32
2508,29
2509,65
2510,9
2511,16
2512,0
2513,74
2514,17
2515,54
2516,62
2517,78
2518,34
2519,64
2520,8
2521,46
2522,67
2523,53
2524,76
2525,78
2526,61
2527,26
2528,64
2529,25
2530,70
2531,96
2532,67
2533,86
2534,93
2535,84
2536,74
2537,79
2538,23
2539,76
2540,45
2541,39
2542,25
2543,50
2544,34
2545,82
2546,66
2547,53
2548,74
2549,71
2550,16
2551,60
2552,50
2553,43
2554,29
2555,72
2556,13
2557,94
2558,5
2559,83
2560,62
2561,26
2562,39
2563,86
2564,93
2565,16
2566,85
2567,44
2568,76
2569,69
2570,42
2571,18
2572,14
2573,74
2574,67
2575,23
2576,20
2577,8
2578,5
2579,51
2580,88
2581,5
2582,25
2583,32
2584,59
2585,77
2586,22
2587,11
2588,68
2589,28
2590,27
2591,13
2592,73
2593,35
2594,52
2595,34
2596,99
2597,49
2598,31
2599,50
2600,87
2601,44
2602,85
2603,58
2604,57
2605,45
2606,94
2607,5
2608,11
2609,81
2610,54
2611,73
2612,96
2613,69
2614,4
2615,72
2616,75
2617,31
2618,97
2619,42
2620,29
2621,71
2622,29
2623,32
2624,89
2625,44
2626,67
2627,39
2628,52
2629,59
2630,12
2631,96
2632,13
2633,36
2634,64
2635,29
2636,90
2637,37
2638,46
2639,85
2640,65
2641,44
2642,78
2643,92
2644,93
2645,70
2646,74
2647,42
2648,0
2649,41
2650,39
2651,86
2652,80
2653,44
2654,47
2655,95
2656,61
2657,21
2658,63
2659,77
2660,69
2661,20
2662,85
2663,92
2664,23
2665,13
2666,92
2667,84
2668,84
2669,75
2670,42
2671,4
2672,59
2673,72
2674,61
2675,89
2676,57
2677,44
2678,42
2679,26
2680,91
2681,42
2682,99
2683,49
2684,20
2685,11
2686,16
2687,45
2688,91
2689,88
2690,85
2691,28
2692,27
2693,83
2694,54
2695,65
2696,71
2697,77
2698,13
2699,56
2700,76
2701,37
2702,21
2703,72
2704,64
2705,46
2706,75
2707,90
2708,26
2709,60
2710,49
2711,50
2712,17
2713,11
2714,78
2715,94
2716,87
2717,25
2718,2
2719,13
2720,4
2721,99
2722,59
2723,44
2724,90
2725,95
2726,18
2727,7
2728,32
2729,39
2730,40
2731,69
2732,95
2733,65
2734,47
2735,60
2736,66
2737,36
2738,75
2739,36
2740,82
2741,88
2742,38
2743,36
2744,81
2745,77
2746,50
2747,84
2748,52
2749,68
2750,44
2751,83
2752,53
2753,56
2754,67
2755,46
2756,34
2757,57
2758,3
2759,15
2760,38
2761,55
2762,87
2763,26
2764,63
2765,71
2766,79
2767,89
2768,38
2769,38
2770,59
2771,5
2772,95
2773,32
2774,15
2775,24
2776,77
2777,2
2778,88
2779,49
2780,11
2781,29
2782,62
2783,7
2784,6
2785,61
2786,27
2787,5
2788,41
2789,87
2790,28
2791,43
2792,23
2793,21
2794,73
2795,68
2796,88
2797,0
2798,65
2799,4
2800,96
2801,59
2802,20
2803,45
2804,2
2805,88
2806,83
2807,72
2808,27
2809,4
2810,60
2811,70
2812,36
2813,68
2814,92
2815,70
2816,84
2817,87
2818,67
2819,91
2820,34
2821,36
2822,9
2823,63
2824,83
2825,74
2826,79
2827,42
2828,34
2829,69
2830,93
2831,82
2832,13
2833,97
2834,15
2835,66
2836,22
2837,33
2838,18
2839,79
2840,98
2841,74
2842,97
2843,59
2844,78
2845,39
2846,11
2847,78
2848,5
2849,4
2850,17
2851,60
2852,79
2853,38
2854,53
2855,37
2856,82
2857,44
2858,21
2859,24
2860,27
2861,6
2862,38
2863,46
2864,21
2865,0
2866,10
2867,84
2868,11
2869,13
2870,57
2871,89
2872,44
2873,31
2874,46
2875,68
2876,47
2877,52
2878,2
2879,95
2880,70
2881,71
2882,58
2883,32
2884,44
2885,8
2886,52
2887,27
2888,3
2889,68
2890,53
2891,65
2892,68
2893,49
2894,0
2895,46
2896,92
2897,21
2898,90
2899,11
2900,21
2901,74
2902,1
2903,53
2904,29
2905,95
2906,14
2907,91
2908,71
2909,88
2910,98
2911,89
2912,27
2913,71
2914,64
2915,94
2916,61
2917,20
2918,83
2919,74
2920,74
2921,99
2922,5
2923,11
2924,65
2925,98
2926,7
2927,67
2928,87
2929,31
2930,66
2931,47
2932,30
2933,97
2934,11
2935,11
2936,22
2937,93
2938,25
2939,18
2940,78
2941,56
2942,88
2943,24
2944,5
2945,22
2946,15
2947,67
2948,15
2949,2
2950,23
2951,41
2952,11
2953,70
2954,76
2955,13
2956,89
2957,5
2958,30
2959,50
2960,0
2961,75
2962,65
2963,35
2964,36
2965,20
2966,6
2967,74
2968,24
2969,73
2970,67
2971,98
2972,62
2973,87
2974,31
2975,14
2976,27
2977,59
2978,57
2979,77
2980,54
2981,61
2982,95
2983,46
2984,64
2985,29
2986,97
2987,16
2988,0
2989,82
2990,51
2991,23
2992,89
2993,9
2994,16
2995,68
2996,35
2997,71
2998,44
2999,69
3000,38
3001,40
3002,40
3003,35
3004,74
3005,0
3006,88
3007,49
3008,7
3009,88
3010,84
3011,98
3012,11
3013,33
3014,83
3015,94
3016,3
3017,90
3018,78
3019,27
3020,17
3021,71
3022,36
3023,19
3024,78
3025,21
3026,13
3027,48
3028,0
3029,24
3030,79
3031,72
3032,33
3033,21
3034,60
3035,8
3036,84
3037,92
3038,6
3039,78
3040,87
3041,27
3042,86
3043,44
3044,8
3045,3
3046,12
3047,44
3048,75
3049,74
3050,74
3051,80
3052,6
3053,20
3054,48
3055,41
3056,53
3057,14
3058,55
3059,83
3060,12
3061,6
3062,46
3063,95
3064,38
3065,67
3066,0
3067,72
3068,11
3069,27
3070,18
3071,73
3072,25
3073,47
3074,97
3075,75
3076,13
3077,69
3078,10
3079,18
3080,87
3081,98
3082,69
3083,39
3084,52
3085,84
3086,31
3087,87
3088,23
3089,82
3090,14
3091,87
3092,26
3093,54
3094,6
3095,10
3096,17
3097,76
3098,40
3099,74
3100,85
3101,99
3102,64
3103,26
3104,42
3105,24
3106,58
3107,6
3108,37
3109,16
3110,60
3111,48
3112,44
3113,74
3114,19
3115,82
3116,11
3117,33
3118,31
3119,86
3120,71
3121,3
3122,9
3123,57
3124,54
3125,43
3126,2
3127,93
3128,62
3129,88
3130,64
3131,78
3132,70
3133,50
3134,1
3135,43
3136,34
3137,71
3138,98
3139,39
3140,18
3141,57
3142,67
3143,4
3144,73
3145,41
3146,76
3147,72
3148,43
3149,94
3150,25
3151,39
3152,71
3153,15
3154,52
3155,38
3156,30
3157,64
3158,30
3159,71
3160,11
3161,74
3162,36
3163,76
3164,47
3165,17
3166,31
3167,76
3168,88
3169,98
3170,63
3171,2
3172,77
3173,49
3174,92
3175,17
3176,97
3177,88
3178,3
3179,88
3180,26
3181,41
3182,79
3183,32
3184,14
3185,89
3186,20
3187,98
3188,26
3189,17
3190,1
3191,36
3192,43
3193,85
3194,41
3195,59
3196,24
3197,13
3198,21
3199,14
3200,42
3201,85
3202,33
3203,20
3204,68
3205,23
3206,92
3207,24
3208,72
3209,78
3210,61
3211,70
3212,79
3213,73
3214,45
3215,84
3216,9
3217,92
3218,52
3219,97
3220,33
3221,30
3222,66
3223,21
3224,62
3225,57
3226,25
3227,54
3228,69
3229,98
3230,41
3231,72
3232,9
3233,26
3234,99
3235,86
3236,58
3237,90
3238,16
3239,69
3240,48
3241,50
3242,37
3243,49
3244,68
3245,36
3246,37
3247,39
3248,21
3249,91
3250,70
3251,90
3252,99
3253,10
3254,74
3255,11
3256,48
3257,36
3258,31
3259,66
3260,45
3261,92
3262,44
3263,25
3264,38
3265,93
3266,96
3267,49
3268,32
3269,79
3270,98
3271,86
3272,30
3273,64
3274,44
3275,44
3276,13
3277,99
3278,27
3279,9
3280,87
3281,6
3282,16
3283,50
3284,13
3285,71
3286,83
3287,91
3288,90
3289,71
3290,49
3291,42
3292,57
3293,20
3294,63
3295,67
3296,12
3297,91
3298,39
3299,27
3300,30
3301,52
3302,69
3303,56
3304,28
3305,26
3306,29
3307,92
3308,62
3309,43
3310,30
3311,82
3312,99
3313,2
3314,79
3315,11
3316,9
3317,20
3318,79
3319,15
3320,87
3321,37
3322,20
3323,60
3324,33
3325,67
3326,54
3327,99
3328,88
3329,38
3330,90
3331,70
3332,77
3333,84
3334,16
3335,18
3336,80
3337,51
3338,42
3339,68
3340,55
3341,24
3342,55
3343,18
3344,57
3345,21
3346,42
3347,39
3348,10
3349,20
3350,86
3351,21
3352,51
3353,1
3354,14
3355,53
3356,7
3357,60
3358,53
3359,90
3360,43
3361,62
3362,34
3363,76
3364,84
3365,98
3366,32
3367,54
3368,34
3369,26
3370,40
3371,72
3372,65
3373,28
3374,58
3375,7
3376,48
3377,90
3378,94
3379,4
3380,93
3381,74
3382,44
3383,68
3384,6
3385,26
3386,82
3387,43
3388,71
3389,31
3390,78
3391,45
3392,49
3393,98
3394,25
3395,54
3396,30
3397,35
3398,81
3399,99
3400,11
3401,31
3402,82
3403,56
3404,3
3405,42
3406,62
3407,8
3408,73
3409,20
3410,12
3411,21
3412,89
3413,0
3414,23
3415,16
3416,96
3417,50
3418,26
3419,44
3420,14
3421,53
3422,78
3423,4
3424,60
3425,2
3426,12
3427,27
3428,78
3429,83
3430,5
3431,28
3432,1
3433,56
3434,79
3435,57
3436,60
3437,40
3438,55
3439,23
3440,56
3441,52
3442,21
3443,64
3444,9
3445,41
3446,24
3447,75
3448,5
3449,32
3450,12
3451,57
3452,84
3453,76
3454,65
3455,12
3456,21
3457,23
3458,76
3459,29
3460,57
3461,75
3462,32
3463,39
3464,52
3465,56
3466,49
3467,8
3468,19
3469,30
3470,39
3471,71
3472,46
3473,3
3474,41
3475,64
3476,90
3477,8
3478,13
3479,78
3480,29
3481,11
3482,52
3483,67
3484,8
3485,2
3486,14
3487,98
3488,73
3489,95
3490,1
3491,44
3492,53
3493,45
3494,23
3495,73
3496,72
3497,53
3498,74
3499,1
3500,12
3501,38
3502,51
3503,31
3504,45
3505,44
3506,2
3507,10
3508,99
3509,15
3510,0
3511,24
3512,62
3513,17
3514,3
3515,79
3516,70
3517,98
3518,0
3519,32
3520,85
3521,62
3522,18
3523,17
3524,40
3525,48
3526,4
3527,46
3528,21
3529,99
3530,95
3531,53
3532,89
3533,11
3534,2
3535,11
3536,32
3537,58
3538,35
3539,56
3540,78
3541,71
3542,79
3543,11
3544,28
3545,2
3546,90
3547,43
3548,9
3549,42
3550,84
3551,47
3552,27
3553,17
3554,62
3555,23
3556,52
3557,11
3558,48
3559,62
3560,76
3561,20
3562,18
3563,99
3564,87
3565,66
3566,11
3567,97
3568,20
3569,2
3570,16
3571,68
3572,23
3573,93
3574,79
3575,87
3576,41
3577,98
3578,79
3579,39
3580,49
3581,57
3582,52
3583,12
3584,38
3585,65
3586,39
3587,93
3588,83
3589,10
3590,46
3591,8
3592,53
3593,69
3594,72
3595,23
3596,29
3597,43
3598,88
3599,11
3600,96
3601,62
3602,54
3603,11
3604,73
3605,34
3606,48
3607,34
3608,34
3609,94
3610,88
3611,67
3612,71
3613,64
3614,20
3615,11
3616,28
3617,30
3618,29
3619,45
3620,44
3621,80
3622,84
3623,99
3624,52
3625,92
3626,92
3627,16
3628,88
3629,25
3630,58
3631,14
3632,54
3633,73
3634,50
3635,52
3636,51
3637,78
3638,45
3639,74
3640,68
3641,86
3642,32
3643,37
3644,34
3645,52
3646,5
3647,90
3648,29
3649,95
3650,86
3651,92
3652,78
3653,21
3654,28
3655,58
3656,66
3657,18
3658,31
3659,78
3660,66
3661,95
3662,93
3663,97
3664,73
3665,54
3666,56
3667,92
3668,80
3669,85
3670,28
3671,41
3672,71
3673,14
3674,75
3675,90
3676,7
3677,37
3678,23
3679,28
3680,43
3681,86
3682,8
3683,22
3684,51
3685,75
3686,26
3687,11
3688,73
3689,46
3690,50
3691,92
3692,11
3693,39
3694,85
3695,86
3696,85
3697,0
3698,8
3699,27
3700,57
3701,13
3702,94
3703,28
3704,61
3705,94
3706,17
3707,11
3708,1
3709,63
3710,49
3711,77
3712,0
3713,1
3714,26
3715,48
3716,39
3717,72
3718,80
3719,12
3720,11
3721,12
3722,14
3723,70
3724,11
3725,0
3726,95
3727,90
3728,10
3729,84
3730,10
3731,97
3732,89
3733,63
3734,51
3735,59
3736,47
3737,23
3738,69
3739,65
3740,81
3741,95
3742,51
3743,69
3744,28
3745,4
3746,31
3747,97
3748,6
3749,64
3750,80
3751,0
3752,0
3753,5
3754,45
3755,81
3756,90
3757,93
3758,56
3759,51
3760,80
3761,44
3762,91
3763,85
3764,56
3765,5
3766,98
3767,73
3768,77
3769,81
3770,82
3771,2
3772,74
3773,56
3774,49
3775,0
3776,62
3777,63
3778,78
3779,14
3780,5
3781,26
3782,24
3783,86
3784,64
3785,55
3786,1
3787,94
3788,74
3789,6
3790,25
3791,96
3792,90
3793,87
3794,40
3795,41
3796,95
3797,76
3798,19
3799,37
3800,49
3801,57
3802,85
3803,64
3804,91
3805,63
3806,94
3807,55
3808,59
3809,21
3810,17
3811,47
3812,72
3813,60
3814,78
3815,25
3816,11
3817,97
3818,96
3819,4
3820,46
3821,85
3822,56
3823,34
3824,95
3825,41
3826,87
3827,38
3828,83
3829,29
3830,93
3831,15
3832,47
3833,68
3834,11
3835,87
3836,22
3837,69
3838,49
3839,86
3840,89
3841,36
3842,59
3843,73
3844,0
3845,72
3846,3
3847,62
3848,60
3849,97
3850,9
3851,69
3852,4
3853,94
3854,38
3855,39
3856,87
3857,48
3858,8
3859,44
3860,93
3861,63
3862,93
3863,28
3864,41
3865,47
3866,99
3867,87
3868,13
3869,11
3870,57
3871,93
3872,39
3873,8
3874,55
3875,31
3876,19
3877,97
3878,90
3879,11
3880,74
3881,44
3882,44
3883,44
3884,15
3885,53
3886,97
3887,13
3888,9
3889,75
3890,73
3891,84
3892,73
3893,48
3894,12
3895,25
3896,7
3897,81
3898,7
3899,74
3900,30
3901,87
3902,67
3903,54
3904,44
3905,60
3906,9
3907,92
3908,34
3909,68
3910,25
3911,71
3912,20
3913,89
3914,7
3915,5
3916,4
3917,59
3918,78
3919,18
3920,90
3921,98
3922,15
3923,74
3924,94
3925,5
3926,98
3927,80
3928,23
3929,93
3930,15
3931,17
3932,1
3933,58
3934,29
3935,8
3936,45
3937,28
3938,23
3939,19
3940,88
3941,87
3942,82
3943,84
3944,33
3945,33
3946,28
3947,13
3948,91
3949,76
3950,76
3951,38
3952,98
3953,92
3954,17
3955,78
3956,56
3957,75
3958,0
3959,6
3960,90
3961,44
3962,51
3963,44
3964,71
3965,96
3966,6
3967,40
3968,51
3969,47
3970,37
3971,41
3972,66
3973,67
3974,89
3975,82
3976,14
3977,49
3978,6
3979,98
3980,84
3981,7
3982,65
3983,64
3984,18
3985,15
3986,1
3987,29
3988,21
3989,14
3990,46
3991,31
3992,60
3993,79
3994,63
3995,6
3996,65
3997,15
3998,21
3999,52
4000,71
4001,1
4002,10
4003,34
4004,34
4005,77
4006,11
4007,17
4008,7
4009,70
4010,20
4011,93
4012,41
4013,83
4014,87
4015,46
4016,30
4017,30
4018,46
4019,85
4020,99
4021,14
4022,51
4023,24
4024,5
4025,49
4026,53
4027,81
4028,48
4029,46
4030,7
4031,94
4032,37
4033,94
4034,94
4035,47
4036,2
4037,61
4038,41
4039,50
4040,84
4041,76
4042,18
4043,64
4044,3
4045,62
4046,98
4047,41
4048,69
4049,34
4050,2
4051,26
4052,62
4053,94
4054,99
4055,45
4056,2
4057,27
4058,93
4059,3
4060,56
4061,20
4062,92
4063,54
4064,75
4065,89
4066,0
4067,38
4068,95
4069,71
4070,6
4071,2
4072,43
4073,96
4074,95
4075,66
4076,89
4077,9
4078,44
4079,99
4080,87
4081,79
4082,11
4083,59
4084,44
4085,93
4086,52
4087,94
4088,49
4089,33
4090,55
4091,45
4092,71
4093,76
4094,21
4095,81
4096,30
4097,99
4098,64
4099,92
4100,0
4101,6
4102,50
4103,82
4104,12
4105,69
4106,8
4107,3
4108,74
4109,89
4110,11
4111,61
4112,92
4113,79
4114,86
4115,3
4116,95
4117,38
4118,42
4119,54
4120,87
4121,68
4122,17
4123,85
4124,49
4125,20
4126,4
4127,75
4128,48
4129,13
4130,60
4131,65
4132,62
4133,17
4134,37
4135,26
4136,59
4137,59
4138,38
4139,24
4140,79
4141,46
4142,49
4143,44
4144,0
4145,44
4146,45
4147,48
4148,1
4149,33
4150,57
4151,89
4152,12
4153,97
4154,2
4155,4
4156,63
4157,35
4158,37
4159,29
4160,49
4161,19
4162,16
4163,84
4164,21
4165,79
4166,40
4167,68
4168,74
4169,73
4170,46
4171,94
4172,68
4173,13
4174,10
4175,62
4176,11
4177,88
4178,35
4179,87
4180,2
4181,21
4182,44
4183,39
4184,65
4185,13
4186,20
4187,21
4188,45
4189,68
4190,88
4191,4
4192,49
4193,69
4194,17
4195,23
4196,81
4197,72
4198,74
4199,25
4200,17
4201,13
4202,95
4203,43
4204,86
4205,24
4206,22
4207,23
4208,94
4209,33
4210,90
4211,8
4212,68
4213,52
4214,20
4215,63
4216,54
4217,53
4218,3
4219,4
4220,97
4221,53
4222,27
4223,86
4224,47
4225,65
4226,5
4227,2
4228,71
4229,54
4230,54
4231,17
4232,56
4233,54
4234,15
4235,69
4236,65
4237,24
4238,42
4239,8
4240,95
4241,77
4242,7
4243,66
4244,30
4245,94
4246,27
4247,46
4248,75
4249,78
4250,37
4251,8
4252,61
4253,94
4254,77
4255,34
4256,37
4257,2
4258,86
4259,20
4260,49
4261,49
4262,95
4263,29
4264,34
4265,11
4266,98
4267,72
4268,6
4269,51
4270,87
4271,95
4272,14
4273,38
4274,72
4275,30
4276,19
4277,2
4278,29
4279,8
4280,79
4281,37
4282,30
4283,97
4284,88
4285,38
4286,29
4287,86
4288,15
4289,0
4290,19
4291,12
4292,27
4293,75
4294,97
4295,50
4296,13
4297,61
4298,74
4299,85
4300,1
4301,67
4302,98
4303,43
4304,50
4305,3
4306,25
4307,13
4308,50
4309,56
4310,60
4311,30
4312,10
4313,34
4314,84
4315,1
4316,58
4317,54
4318,27
4319,93
4320,42
4321,22
4322,87
4323,38
4324,46
4325,9
4326,32
4327,12
4328,50
4329,8
4330,96
4331,61
4332,9
4333,88
4334,9
4335,13
4336,70
4337,32
4338,32
4339,25
4340,0
4341,69
4342,75
4343,68
4344,27
4345,11
4346,92
4347,42
4348,10
4349,3
4350,48
4351,67
4352,89
4353,42
4354,50
4355,28
4356,28
4357,69
4358,49
4359,46
4360,57
4361,16
4362,56
4363,84
4364,75
4365,50
4366,13
4367,10
4368,83
4369,22
4370,59
4371,49
4372,11
4373,51
4374,6
4375,74
4376,82
4377,57
4378,3
4379,12
4380,56
4381,49
4382,94
4383,39
4384,25
4385,98
4386,31
4387,58
4388,79
4389,23
4390,64
4391,1
4392,24
4393,46
4394,19
4395,11
4396,54
4397,74
4398,96
4399,2
4400,7
4401,29
4402,27
4403,83
4404,89
4405,74
4406,59
4407,24
4408,49
4409,5
4410,80
4411,53
4412,75
4413,55
4414,75
4415,31
4416,69
4417,50
4418,24
4419,25
4420,2
4421,68
4422,77
4423,75
4424,75
4425,41
4426,81
4427,27
4428,41
4429,31
4430,50
4431,18
4432,43
4433,0
4434,13
4435,15
4436,7
4437,17
4438,83
4439,92
4440,79
4441,34
4442,74
4443,86
4444,20
4445,50
4446,3
4447,14
4448,9
4449,88
4450,98
4451,4
4452,44
4453,1
4454,79
4455,12
4456,87
4457,18
4458,65
4459,2
4460,52
4461,48
4462,83
4463,58
4464,85
4465,56
4466,94
4467,50
4468,58
4469,38
4470,97
4471,10
4472,7
4473,74
4474,19
4475,22
4476,92
4477,75
4478,75
4479,73
4480,25
4481,75
4482,82
4483,75
4484,11
4485,19
4486,38
4487,48
4488,18
4489,12
4490,32
4491,3
4492,60
4493,38
4494,12
4495,0
4496,43
4497,65
4498,85
4499,96
4500,46
4501,66
4502,62
4503,95
4504,77
4505,65
4506,58
4507,89
4508,19
4509,44
4510,78
4511,81
4512,21
4513,29
4514,44
4515,58
4516,88
4517,89
4518,12
4519,15
4520,10
4521,37
4522,73
4523,18
4524,95
4525,50
4526,98
4527,33
4528,40
4529,6
4530,47
4531,14
4532,3
4533,3
4534,53
4535,91
4536,81
4537,73
4538,16
4539,39
4540,90
4541,33
4542,52
4543,41
4544,11
4545,42
4546,93
4547,56
4548,38
4549,74
4550,65
4551,46
4552,92
4553,52
4554,75
4555,78
4556,60
4557,70
4558,10
4559,69
4560,11
4561,8
4562,61
4563,72
4564,24
4565,42
4566,73
4567,70
4568,5
4569,78
4570,2
4571,67
4572,53
4573,28
4574,11
4575,54
4576,78
4577,66
4578,41
4579,4
4580,95
4581,47
4582,52
4583,56
4584,68
4585,21
4586,86
4587,92
4588,58
4589,24
4590,18
4591,24
4592,30
4593,78
4594,14
4595,86
4596,18
4597,76
4598,68
4599,56
4600,70
4601,11
4602,97
4603,4
4604,18
4605,40
4606,43
4607,61
4608,33
4609,42
4610,89
4611,42
4612,50
4613,92
4614,93
4615,49
4616,7
4617,52
4618,66
4619,99
4620,96
4621,34
4622,6
4623,11
4624,92
4625,29
4626,4
4627,3
4628,72
4629,61
4630,90
4631,94
4632,29
4633,90
4634,55
4635,21
4636,66
4637,57
4638,5
4639,37
4640,0
4641,1
4642,56
4643,72
4644,80
4645,72
4646,86
4647,23
4648,50
4649,72
4650,69
4651,68
4652,55
4653,1
4654,11
4655,92
4656,22
4657,52
4658,90
4659,1
4660,69
4661,71
4662,30
4663,89
4664,28
4665,56
4666,0
4667,79
4668,20
4669,18
4670,71
4671,79
4672,45
4673,88
4674,68
4675,24
4676,83
4677,42
4678,90
4679,4
4680,13
4681,87
4682,68
4683,9
4684,62
4685,59
4686,7
4687,50
4688,83
4689,25
4690,46
4691,89
4692,38
4693,58
4694,37
4695,91
4696,4
4697,57
4698,86
4699,5
4700,80
4701,70
4702,64
4703,34
4704,48
4705,54
4706,34
4707,80
4708,9
4709,31
4710,51
4711,43
4712,33
4713,28
4714,31
4715,4
4716,1
4717,99
4718,27
4719,12
4720,74
4721,93
4722,20
4723,25
4724,32
4725,40
4726,96
4727,92
4728,56
4729,47
4730,52
4731,89
4732,6
4733,93
4734,94
4735,54
4736,15
4737,96
4738,97
4739,49
4740,90
4741,41
4742,14
4743,30
4744,76
4745,21
4746,82
4747,52
4748,14
4749,74
4750,46
4751,88
4752,43
4753,32
4754,34
4755,53
4756,5
4757,19
4758,31
4759,67
4760,0
4761,65
4762,32
4763,71
4764,23
4765,8
4766,32
4767,53
4768,96
4769,72
4770,30
4771,22
4772,7
4773,84
4774,76
4775,92
4776,95
4777,23
4778,63
4779,77
4780,57
4781,24
4782,23
4783,32
4784,32
4785,82
4786,50
4787,65
4788,13
4789,98
4790,26
4791,3
4792,0
4793,12
4794,76
4795,47
4796,24
4797,70
4798,86
4799,86
4800,39
4801,31
4802,37
4803,71
4804,39
4805,72
4806,87
4807,17
4808,69
4809,39
4810,35
4811,54
4812,88
4813,1
4814,61
4815,24
4816,69
4817,50
4818,9
4819,98
4820,4
4821,58
4822,76
4823,25
4824,4
4825,5
4826,95
4827,50
4828,79
4829,5
4830,10
4831,47
4832,82
4833,80
4834,11
4835,6
4836,46
4837,86
4838,85
4839,92
4840,7
4841,69
4842,29
4843,48
4844,33
4845,61
4846,2
4847,20
4848,9
4849,37
4850,67
4851,82
4852,89
4853,98
4854,77
4855,16
4856,43
4857,46
4858,71
4859,22
4860,75
4861,44
4862,88
4863,10
4864,85
4865,2
4866,68
4867,55
4868,91
4869,28
4870,58
4871,55
4872,91
4873,19
4874,59
4875,79
4876,2
4877,27
4878,34
4879,17
4880,86
4881,58
4882,29
4883,85
4884,85
4885,20
4886,2
4887,81
4888,40
4889,19
4890,16
4891,16
4892,48
4893,81
4894,11
4895,50
4896,53
4897,99
4898,48
4899,10
4900,88
4901,64
4902,87
4903,41
4904,17
4905,59
4906,6
4907,21
4908,48
4909,95
4910,94
4911,4
4912,82
4913,56
4914,66
4915,80
4916,68
4917,11
4918,20
4919,49
4920,23
4921,72
4922,16
4923,0
4924,86
4925,59
4926,65
4927,48
4928,40
4929,65
4930,12
4931,52
4932,54
4933,94
4934,87
4935,50
4936,7
4937,84
4938,73
4939,28
4940,67
4941,7
4942,65
4943,34
4944,75
4945,23
4946,14
4947,94
4948,57
4949,63
4950,81
4951,4
4952,99
4953,10
4954,32
4955,11
4956,9
4957,59
4958,81
4959,40
4960,48
4961,6
4962,98
4963,83
4964,93
4965,0
4966,14
4967,49
4968,51
4969,4
4970,26
4971,42
4972,3
4973,90
4974,18
4975,47
4976,31
4977,62
4978,92
4979,90
4980,8
4981,17
4982,51
4983,91
4984,80
4985,79
4986,22
4987,18
4988,10
4989,62
4990,54
4991,34
4992,42
4993,33
4994,54
4995,99
4996,2
4997,27
4998,13
4999,39
5000,56
5001,53
5002,82
5003,41
5004,76
5005,82
5006,49
5007,58
5008,58
5009,58
5010,28
5011,37
5012,3
5013,7
5014,68
5015,13
5016,38
5017,32
5018,68
5019,47
5020,81
5021,1
5022,53
5023,23
5024,29
5025,13
5026,2
5027,43
5028,62
5029,15
5030,9
5031,3
5032,95
5033,44
5034,75
5035,20
5036,76
5037,41
5038,7
5039,71
5040,78
5041,17
5042,76
5043,21
5044,88
5045,49
5046,35
5047,54
5048,86
5049,47
5050,42
5051,74
5052,33
5053,49
5054,84
5055,31
5056,45
5057,41
5058,36
5059,39
5060,66
5061,98
5062,76
5063,8
5064,13
5065,53
5066,87
5067,19
5068,28
5069,18
5070,32
5071,88
5072,4
5073,78
5074,99
5075,74
5076,21
5077,3
5078,97
5079,75
5080,36
5081,52
5082,94
5083,10
5084,34
5085,54
5086,27
5087,10
5088,1
5089,80
5090,21
5091,81
5092,35
5093,69
5094,52
5095,77
5096,20
5097,91
5098,68
5099,36
5100,76
5101,5
5102,9
5103,43
5104,49
5105,4
5106,27
5107,32
5108,83
5109,42
5110,58
5111,44
5112,48
5113,15
5114,48
5115,17
5116,28
5117,98
5118,2
5119,15
5120,21
5121,39
5122,59
5123,14
5124,37
5125,75
5126,2
5127,10
5128,31
5129,58
5130,90
5131,35
5132,31
5133,71
5134,23
5135,28
5136,68
5137,89
5138,78
5139,20
5140,25
5141,89
5142,42
5143,74
5144,91
5145,47
5146,5
5147,40
5148,6
5149,13
5150,91
5151,61
5152,91
5153,71
5154,74
5155,82
5156,3
5157,30
5158,47
5159,34
5160,57
5161,54
5162,48
5163,13
5164,85
5165,21
5166,11
5167,21
5168,99
5169,27
5170,0
5171,8
5172,28
5173,30
5174,98
5175,48
5176,13
5177,36
5178,15
5179,86
5180,19
5181,40
5182,89
5183,98
5184,13
5185,42
5186,60
5187,69
5188,68
5189,89
5190,50
5191,24
5192,49
5193,12
5194,71
5195,87
5196,71
5197,98
5198,14
5199,88
5200,74
5201,12
5202,25
5203,11
5204,44
5205,17
5206,18
5207,74
5208,19
5209,18
5210,42
5211,0
5212,60
5213,30
5214,57
5215,94
5216,48
5217,75
5218,15
5219,51
5220,93
5221,93
5222,41
5223,52
5224,52
5225,12
5226,36
5227,87
5228,99
5229,86
5230,5
5231,42
5232,71
5233,64
5234,99
5235,55
5236,22
5237,52
5238,96
5239,5
5240,60
5241,71
5242,3
5243,74
5244,19
5245,56
5246,24
5247,72
5248,76
5249,15
5250,39
5251,16
5252,21
5253,15
5254,97
5255,95
5256,55
5257,2
5258,25
5259,65
5260,82
5261,3
5262,67
5263,52
5264,71
5265,59
5266,47
5267,60
5268,93
5269,16
5270,61
5271,36
5272,90
5273,42
5274,21
5275,73
5276,78
5277,43
5278,13
5279,88
5280,49
5281,33
5282,53
5283,73
5284,96
5285,2
5286,85
5287,89
5288,79
5289,93
5290,69
5291,97
5292,53
5293,15
5294,16
5295,75
5296,6
5297,92
5298,88
5299,65
5300,54
5301,71
5302,6
5303,96
5304,8
5305,73
5306,0
5307,74
5308,28
5309,57
5310,66
5311,48
5312,84
5313,60
5314,89
5315,16
5316,42
5317,58
5318,61
5319,22
5320,75
5321,37
5322,21
5323,68
5324,40
5325,85
5326,53
5327,29
5328,8
5329,88
5330,59
5331,11
5332,62
5333,94
5334,50
5335,95
5336,64
5337,8
5338,40
5339,44
5340,45
5341,34
5342,48
5343,87
5344,59
5345,11
5346,61
5347,64
5348,4
5349,25
5350,48
5351,45
5352,36
5353,29
5354,74
5355,76
5356,74
5357,61
5358,56
5359,95
5360,44
5361,50
5362,8
5363,27
5364,22
5365,61
5366,77
5367,85
5368,95
5369,99
5370,0
5371,80
5372,26
5373,33
5374,49
5375,37
5376,36
5377,2
5378,39
5379,76
5380,95
5381,11
5382,45
5383,74
5384,60
5385,3
5386,51
5387,94
5388,67
5389,6
5390,62
5391,78
5392,28
5393,26
5394,61
5395,29
5396,64
5397,95
5398,4
5399,42
5400,17
5401,39
5402,76
5403,86
5404,39
5405,78
5406,28
5407,50
5408,15
5409,99
5410,52
5411,28
5412,45
5413,28
5414,98
5415,20
5416,46
5417,17
5418,11
5419,11
5420,95
5421,1
5422,16
5423,12
5424,78
5425,97
5426,86
5427,7
5428,94
5429,85
5430,48
5431,16
5432,85
5433,74
5434,47
5435,92
5436,62
5437,58
5438,92
5439,60
5440,9
5441,44
5442,49
5443,71
5444,99
5445,89
5446,31
5447,95
5448,56
5449,42
5450,92
5451,45
5452,43
5453,43
5454,86
5455,17
5456,24
5457,5
5458,42
5459,60
5460,48
5461,19
5462,73
5463,16
5464,30
5465,12
5466,3
5467,78
5468,95
5469,89
5470,56
5471,74
5472,42
5473,20
5474,98
5475,62
5476,62
5477,76
5478,65
5479,28
5480,74
5481,78
5482,28
5483,95
5484,51
5485,62
5486,48
5487,79
5488,67
5489,19
5490,13
5491,18
5492,3
5493,88
5494,15
5495,89
5496,0
5497,34
5498,72
5499,59
5500,67
5501,57
5502,64
5503,86
5504,72
5505,39
5506,33
5507,14
5508,10
5509,40
5510,66
5511,32
5512,11
5513,64
5514,54
5515,51
5516,15
5517,84
5518,7
5519,15
5520,70
5521,84
5522,28
5523,27
5524,36
5525,31
5526,87
5527,16
5528,59
5529,6
5530,19
5531,87
5532,29
5533,81
5534,25
5535,98
5536,2
5537,68
5538,47
5539,18
5540,64
5541,64
5542,49
5543,65
5544,81
5545,98
5546,45
5547,76
5548,95
5549,5
5550,89
5551,69
5552,78
5553,71
5554,95
5555,98
5556,7
5557,47
5558,6
5559,24
5560,73
5561,60
5562,67
5563,47
5564,35
5565,94
5566,25
5567,23
5568,58
5569,65
5570,38
5571,85
5572,48
5573,82
5574,21
5575,55
5576,69
5577,39
5578,12
5579,29
5580,5
5581,76
5582,87
5583,78
5584,70
5585,67
5586,87
5587,25
5588,75
5589,18
5590,73
5591,74
5592,62
5593,41
5594,53
5595,16
5596,85
5597,80
5598,79
5599,78
5600,69
5601,26
5602,46
5603,20
5604,7
5605,93
5606,63
5607,53
5608,40
5609,37
5610,33
5611,76
5612,48
5613,63
5614,84
5615,31
5616,54
5617,28
5618,38
5619,34
5620,96
5621,74
5622,54
5623,35
5624,93
5625,45
5626,98
5627,34
5628,7
5629,59
5630,68
5631,84
5632,5
5633,39
5634,13
5635,37
5636,11
5637,81
5638,37
5639,6
5640,4
5641,23
5642,3
5643,94
5644,22
5645,47
5646,51
5647,5
5648,9
5649,40
5650,48
5651,47
5652,23
5653,6
5654,13
5655,98
5656,71
5657,60
5658,62
5659,33
5660,68
5661,52
5662,6
5663,21
5664,46
5665,77
5666,94
5667,73
5668,70
5669,59
5670,30
5671,76
5672,72
5673,72
5674,25
5675,0
5676,99
5677,24
5678,56
5679,0
5680,83
5681,3
5682,37
5683,20
5684,54
5685,11
5686,9
5687,86
5688,65
5689,78
5690,58
5691,48
5692,1
5693,59
5694,77
5695,49
5696,89
5697,36
5698,42
5699,20
5700,11
5701,67
5702,87
5703,71
5704,36
5705,91
5706,27
5707,55
5708,54
5709,44
5710,34
5711,6
5712,29
5713,54
5714,32
5715,58
5716,28
5717,64
5718,72
5719,3
5720,18
5721,71
5722,59
5723,33
5724,99
5725,70
5726,34
5727,53
5728,17
5729,93
5730,66
5731,0
5732,58
5733,63
5734,37
5735,93
5736,58
5737,66
5738,13
5739,33
5740,39
5741,9
5742,62
5743,68
5744,4
5745,98
5746,65
5747,15
5748,13
5749,17
5750,30
5751,72
5752,50
5753,1
5754,59
5755,73
5756,58
5757,90
5758,56
5759,44
5760,16
5761,32
5762,15
5763,90
5764,78
5765,56
5766,40
5767,63
5768,22
5769,2
5770,92
5771,3
5772,76
5773,73
5774,2
5775,79
5776,5
5777,39
5778,12
5779,43
5780,91
5781,97
5782,50
5783,74
5784,62
5785,33
5786,22
5787,3
5788,45
5789,62
5790,49
5791,30
5792,24
5793,73
5794,31
5795,55
5796,59
5797,46
5798,11
5799,83
5800,83
5801,72
5802,38
5803,30
5804,93
5805,93
5806,41
5807,0
5808,35
5809,54
5810,9
5811,16
5812,87
5813,13
5814,12
5815,49
5816,60
5817,13
5818,89
5819,27
5820,51
5821,36
5822,59
5823,92
5824,7
5825,94
5826,80
5827,56
5828,37
5829,63
5830,75
5831,31
5832,34
5833,88
5834,85
5835,24
5836,28
5837,56
5838,78
5839,41
5840,62
5841,7
5842,6
5843,38
5844,45
5845,22
5846,52
5847,32
5848,62
5849,28
5850,96
5851,93
5852,15
5853,13
5854,47
5855,8
5856,30
5857,17
5858,92
5859,45
5860,30
5861,26
5862,98
5863,57
5864,60
5865,16
5866,54
5867,7
5868,52
5869,45
5870,50
5871,86
5872,74
5873,74
5874,74
5875,71
5876,85
5877,8
5878,31
5879,28
5880,17
5881,62
5882,28
5883,93
5884,16
5885,0
5886,17
5887,26
5888,71
5889,34
5890,64
5891,99
5892,44
5893,58
5894,9
5895,46
5896,54
5897,46
5898,94
5899,41
5900,0
5901,19
5902,44
5903,46
5904,6
5905,42
5906,70
5907,73
5908,46
5909,73
5910,62
5911,97
5912,97
5913,0
5914,57
5915,3
5916,11
5917,53
5918,69
5919,47
5920,13
5921,84
5922,67
5923,21
5924,80
5925,59
5926,20
5927,71
5928,65
5929,79
5930,99
5931,62
5932,5
5933,31
5934,35
5935,1
5936,46
5937,81
5938,66
5939,69
5940,39
5941,60
5942,88
5943,6
5944,42
5945,34
5946,31
5947,64
5948,67
5949,78
5950,58
5951,23
5952,71
5953,68
5954,55
5955,26
5956,45
5957,86
5958,1
5959,61
5960,11
5961,67
5962,72
5963,11
5964,43
5965,60
5966,44
5967,62
5968,91
5969,81
5970,2
5971,11
5972,2
5973,27
5974,85
5975,70
5976,28
5977,92
5978,22
5979,43
5980,98
5981,9
5982,63
5983,20
5984,72
5985,81
5986,95
5987,2
5988,86
5989,12
5990,24
5991,61
5992,50
5993,9
5994,8
5995,20
5996,11
5997,49
5998,92
5999,21
6000,31
6001,18
6002,11
6003,23
6004,47
6005,59
6006,95
6007,88
6008,46
6009,40
6010,97
6011,17
6012,81
6013,76
6014,83
6015,37
6016,95
6017,30
6018,9
6019,55
6020,86
6021,11
6022,48
6023,98
6024,88
6025,9
6026,88
6027,21
6028,36
6029,30
6030,82
6031,40
6032,47
6033,28
6034,57
6035,92
6036,93
6037,15
6038,54
6039,88
6040,13
6041,35
6042,39
6043,70
6044,15
6045,36
6046,94
6047,70
6048,59
6049,70
6050,92
6051,9
6052,3
6053,40
6054,33
6055,42
6056,99
6057,16
6058,21
6059,28
6060,98
6061,29
6062,17
6063,89
6064,14
6065,57
6066,37
6067,34
6068,42
6069,28
6070,12
6071,40
6072,49
6073,29
6074,5
6075,58
6076,65
6077,65
6078,83
6079,10
6080,84
6081,12
6082,25
6083,17
6084,29
6085,3
6086,80
6087,29
6088,92
6089,9
6090,55
6091,38
6092,26
6093,28
6094,43
6095,53
6096,50
6097,99
6098,20
6099,0
6100,32
6101,90
6102,70
6103,51
6104,31
6105,80
6106,56
6107,23
6108,71
6109,88
6110,46
6111,4
6112,39
6113,74
6114,96
6115,63
6116,13
6117,39
6118,27
6119,31
6120,84
6121,77
6122,9
6123,18
6124,43
6125,96
6126,2
6127,6
6128,50
6129,99
6130,19
6131,39
6132,97
6133,6
6134,39
6135,51
6136,74
6137,52
6138,25
6139,10
6140,21
6141,20
6142,42
6143,36
6144,48
6145,39
6146,44
6147,74
6148,98
6149,12
6150,95
6151,3
6152,51
6153,79
6154,78
6155,6
6156,4
6157,3
6158,67
6159,25
6160,97
6161,87
6162,34
6163,34
6164,59
6165,22
6166,16
6167,70
6168,9
6169,5
6170,77
6171,74
6172,17
6173,40
6174,47
6175,88
6176,87
6177,50
6178,73
6179,49
6180,78
6181,68
6182,99
6183,29
6184,28
6185,72
6186,3
6187,32
6188,23
6189,87
6190,31
6191,87
6192,63
6193,5
6194,51
6195,51
6196,32
6197,57
6198,99
6199,53
6200,37
6201,4
6202,30
6203,75
6204,60
6205,30
6206,29
6207,27
6208,49
6209,66
6210,42
6211,13
6212,0
6213,87
6214,9
6215,42
6216,40
6217,9
6218,39
6219,10
6220,96
6221,26
6222,62
6223,32
6224,61
6225,98
6226,8
6227,2
6228,66
6229,66
6230,11
6231,99
6232,59
6233,20
6234,95
6235,68
6236,47
6237,94
6238,22
6239,9
6240,23
6241,11
6242,55
6243,80
6244,14
6245,20
6246,17
6247,98
6248,73
6249,47
6250,60
6251,28
6252,10
6253,0
6254,25
6255,31
6256,15
6257,29
6258,24
6259,71
6260,52
6261,60
6262,13
6263,57
6264,52
6265,87
6266,12
6267,22
6268,83
6269,22
6270,14
6271,56
6272,1
6273,46
6274,29
6275,71
6276,65
6277,7
6278,88
6279,48
6280,45
6281,97
6282,18
6283,71
6284,50
6285,55
6286,80
6287,73
6288,12
6289,5
6290,76
6291,46
6292,97
6293,42
6294,90
6295,52
6296,1
6297,39
6298,15
6299,86
6300,67
6301,2
6302,36
6303,13
6304,57
6305,30
6306,74
6307,85
6308,33
6309,6
6310,3
6311,3
6312,54
6313,29
6314,18
6315,71
6316,68
6317,98
6318,69
6319,47
6320,51
6321,50
6322,37
6323,40
6324,97
6325,30
6326,51
6327,40
6328,75
6329,83
6330,74
6331,66
6332,52
6333,52
6334,86
6335,66
6336,24
6337,69
6338,41
6339,13
6340,39
6341,25
6342,61
6343,48
6344,44
6345,71
6346,38
6347,9
6348,50
6349,30
6350,2
6351,54
6352,12
6353,21
6354,56
6355,72
6356,93
6357,46
6358,73
6359,47
6360,48
6361,24
6362,59
6363,75
6364,20
6365,44
6366,92
6367,96
6368,5
6369,63
6370,39
6371,67
6372,45
6373,67
6374,2
6375,79
6376,76
6377,27
6378,81
6379,89
6380,45
6381,60
6382,48
6383,11
6384,2
6385,30
6386,98
6387,21
6388,82
6389,90
6390,94
6391,74
6392,49
6393,75
6394,79
6395,42
6396,75
6397,14
6398,89
6399,36
6400,83
6401,42
6402,67
6403,81
6404,67
6405,52
6406,17
6407,76
6408,5
6409,80
6410,76
6411,13
6412,37
6413,94
6414,92
6415,0
6416,48
6417,64
6418,15
6419,39
6420,40
6421,60
6422,31
6423,94
6424,78
6425,68
6426,52
6427,38
6428,4
6429,6
6430,89
6431,40
6432,27
6433,97
6434,79
6435,39
6436,66
6437,75
6438,26
6439,64
6440,9
6441,66
6442,44
6443,59
6444,33
6445,79
6446,63
6447,97
6448,43
6449,48
6450,78
6451,25
6452,32
6453,18
6454,40
6455,44
6456,80
6457,16
6458,10
6459,45
6460,12
6461,99
6462,18
6463,6
6464,41
6465,11
6466,69
6467,33
6468,44
6469,34
6470,32
6471,30
6472,69
6473,48
6474,85
6475,15
6476,92
6477,5
6478,71
6479,47
6480,59
6481,88
6482,22
6483,98
6484,15
6485,72
6486,63
6487,56
6488,99
6489,95
6490,22
6491,20
6492,28
6493,57
6494,72
6495,29
6496,3
6497,91
6498,64
6499,36
6500,22
6501,49
6502,26
6503,84
6504,59
6505,45
6506,85
6507,9
6508,22
6509,29
6510,87
6511,11
6512,94
6513,44
6514,74
6515,63
6516,53
6517,12
6518,27
6519,57
6520,78
6521,88
6522,40
6523,93
6524,78
6525,95
6526,55
6527,27
6528,38
6529,81
6530,5
6531,87
6532,57
6533,50
6534,11
6535,44
6536,57
6537,27
6538,31
6539,4
6540,26
6541,7
6542,96
6543,39
6544,3
6545,34
6546,69
6547,48
6548,56
6549,18
6550,45
6551,62
6552,74
6553,8
6554,79
6555,66
6556,81
6557,68
6558,51
6559,28
6560,77
6561,66
6562,33
6563,60
6564,43
6565,74
6566,74
6567,31
6568,87
6569,49
6570,40
6571,24
6572,68
6573,11
6574,58
6575,51
6576,44
6577,36
6578,65
6579,78
6580,66
6581,65
6582,25
6583,64
6584,86
6585,35
6586,49
6587,92
6588,52
6589,95
6590,99
6591,20
6592,79
6593,71
6594,20
6595,27
6596,67
6597,28
6598,76
6599,31
6600,65
6601,6
6602,9
6603,4
6604,54
6605,38
6606,11
6607,52
6608,84
6609,44
6610,32
6611,2
6612,52
6613,73
6614,87
6615,62
6616,15
6617,11
6618,59
6619,20
6620,47
6621,60
6622,21
6623,65
6624,35
6625,77
6626,38
6627,24
6628,2
6629,17
6630,36
6631,80
6632,74
6633,41
6634,32
6635,71
6636,76
6637,44
6638,91
6639,21
6640,81
6641,62
6642,55
6643,96
6644,79
6645,19
6646,29
6647,82
6648,64
6649,74
6650,49
6651,11
6652,97
6653,58
6654,43
6655,20
6656,86
6657,22
6658,32
6659,18
6660,53
6661,60
6662,36
6663,83
6664,18
6665,32
6666,66
6667,78
6668,51
6669,98
6670,69
6671,28
6672,11
6673,22
6674,49
6675,21
6676,93
6677,1
6678,19
6679,88
6680,73
6681,37
6682,50
6683,92
6684,76
6685,47
6686,31
6687,82
6688,75
6689,61
6690,4
6691,90
6692,78
6693,34
6694,87
6695,99
6696,85
6697,70
6698,2
6699,14
6700,45
6701,10
6702,95
6703,90
6704,64
6705,44
6706,12
6707,73
6708,47
6709,11
6710,78
6711,79
6712,13
6713,8
6714,25
6715,27
6716,2
6717,71
6718,21
6719,28
6720,46
6721,15
6722,72
6723,75
6724,40
6725,37
6726,74
6727,95
6728,63
6729,51
6730,48
6731,65
6732,6
6733,39
6734,5
6735,34
6736,49
6737,14
6738,0
6739,23
6740,78
6741,47
6742,13
6743,41
6744,76
6745,42
6746,97
6747,50
6748,24
6749,76
6750,57
6751,74
6752,66
6753,44
6754,54
6755,92
6756,93
6757,4
6758,2
6759,1
6760,39
6761,39
6762,90
6763,55
6764,81
6765,74
6766,31
6767,42
6768,47
6769,69
6770,51
6771,66
6772,10
6773,52
6774,61
6775,46
6776,69
6777,39
6778,15
6779,77
6780,36
6781,23
6782,41
6783,94
6784,45
6785,17
6786,1
6787,62
6788,9
6789,11
6790,37
6791,12
6792,14
6793,69
6794,72
6795,22
6796,75
6797,24
6798,72
6799,48
6800,24
6801,10
6802,4
6803,57
6804,10
6805,2
6806,0
6807,89
6808,24
6809,94
6810,68
6811,66
6812,17
6813,5
6814,90
6815,77
6816,74
6817,99
6818,44
6819,35
6820,52
6821,92
6822,29
6823,94
6824,37
6825,57
6826,40
6827,0
6828,92
6829,96
6830,4
6831,78
6832,89
6833,92
6834,15
6835,59
6836,96
6837,8
6838,93
6839,62
6840,25
6841,86
6842,1
6843,1
6844,93
6845,82
6846,52
6847,70
6848,8
6849,19
6850,93
6851,74
6852,86
6853,19
6854,37
6855,93
6856,38
6857,57
6858,5
6859,10
6860,40
6861,12
6862,33
6863,94
6864,68
6865,8
6866,89
6867,69
6868,95
6869,43
6870,60
6871,87
6872,92
6873,12
6874,90
6875,2
6876,54
6877,45
6878,65
6879,80
6880,19
6881,68
6882,17
6883,98
6884,81
6885,32
6886,9
6887,99
6888,77
6889,84
6890,22
6891,44
6892,23
6893,2
6894,73
6895,65
6896,70
6897,70
6898,4
6899,9
6900,86
6901,91
6902,26
6903,85
6904,30
6905,12
6906,54
6907,39
6908,76
6909,47
6910,67
6911,51
6912,25
6913,15
6914,48
6915,12
6916,59
6917,38
6918,27
6919,26
6920,13
6921,25
6922,0
6923,65
6924,42
6925,77
6926,52
6927,54
6928,82
6929,12
6930,89
6931,53
6932,21
6933,18
6934,92
6935,36
6936,44
6937,11
6938,31
6939,62
6940,41
6941,65
6942,28
6943,20
6944,92
6945,96
6946,21
6947,41
6948,72
6949,83
6950,56
6951,88
6952,76
6953,71
6954,48
6955,12
6956,45
6957,71
6958,78
6959,40
6960,24
6961,37
6962,86
6963,76
6964,84
6965,51
6966,60
6967,97
6968,29
6969,65
6970,42
6971,8
6972,83
6973,59
6974,96
6975,53
6976,32
6977,7
6978,87
6979,54
6980,46
6981,39
6982,27
6983,52
6984,86
6985,3
6986,54
6987,85
6988,2
6989,75
6990,4
6991,80
6992,17
6993,92
6994,29
6995,61
6996,15
6997,66
6998,39
6999,29
7000,35
7001,91
7002,72
7003,7
7004,51
7005,88
7006,89
7007,83
7008,1
7009,1
7010,46
7011,3
7012,9
7013,25
7014,87
7015,59
7016,38
7017,82
7018,55
7019,6
7020,42
7021,34
7022,14
7023,14
7024,11
7025,70
7026,17
7027,84
7028,97
7029,95
7030,69
7031,59
7032,50
7033,86
7034,16
7035,99
7036,66
7037,4
7038,29
7039,49
7040,45
7041,53
7042,73
7043,85
7044,46
7045,12
7046,20
7047,6
7048,71
7049,14
7050,87
7051,37
7052,86
7053,29
7054,28
7055,93
7056,62
7057,89
7058,41
7059,11
7060,51
7061,46
7062,36
7063,20
7064,57
7065,1
7066,33
7067,28
7068,38
7069,59
7070,81
7071,95
7072,23
7073,14
7074,57
7075,50
7076,2
7077,9
7078,42
7079,21
7080,12
7081,95
7082,29
7083,81
7084,77
7085,67
7086,89
7087,50
7088,63
7089,84
7090,9
7091,6
7092,97
7093,57
7094,29
7095,24
7096,39
7097,1
7098,68
7099,83
7100,71
7101,18
7102,25
7103,23
7104,51
7105,40
7106,63
7107,17
7108,31
7109,48
7110,8
7111,2
7112,78
7113,66
7114,15
7115,44
7116,12
7117,48
7118,56
7119,58
7120,70
7121,85
7122,70
7123,94
7124,41
7125,97
7126,5
7127,74
7128,15
7129,62
7130,2
7131,58
7132,56
7133,13
7134,20
7135,97
7136,16
7137,87
7138,3
7139,83
7140,24
7141,34
7142,27
7143,26
7144,26
7145,68
7146,89
7147,31
7148,95
7149,85
7150,50
7151,95
7152,80
7153,96
7154,76
7155,11
7156,77
7157,19
7158,96
7159,84
7160,48
7161,84
7162,32
7163,35
7164,33
7165,69
7166,14
7167,69
7168,36
7169,72
7170,65
7171,94
7172,86
7173,55
7174,16
7175,90
7176,56
7177,4
7178,47
7179,19
7180,71
7181,51
7182,26
7183,41
7184,61
7185,74
7186,96
7187,62
7188,85
7189,74
7190,57
7191,23
7192,20
7193,38
7194,15
7195,5
7196,77
7197,62
7198,37
7199,62
7200,15
7201,47
7202,75
7203,45
7204,28
7205,27
7206,37
7207,58
7208,99
7209,48
7210,47
7211,79
7212,71
7213,7
7214,60
7215,60
7216,38
7217,49
7218,70
7219,0
7220,19
7221,98
7222,90
7223,5
7224,22
7225,50
7226,75
7227,41
7228,65
7229,51
7230,98
7231,46
7232,1
7233,77
7234,17
7235,65
7236,26
7237,45
7238,6
7239,90
7240,2
7241,30
7242,8
7243,21
7244,28
7245,18
7246,33
7247,32
7248,34
7249,48
7250,75
7251,44
7252,62
7253,76
7254,30
7255,1
7256,65
7257,37
7258,82
7259,9
7260,11
7261,54
7262,8
7263,43
7264,67
7265,30
7266,8
7267,40
7268,53
7269,1
7270,95
7271,26
7272,93
7273,6
7274,87
7275,5
7276,2
7277,24
7278,75
7279,34
7280,86
7281,8
7282,8
7283,42
7284,51
7285,84
7286,13
7287,18
7288,85
7289,48
7290,11
7291,26
7292,93
7293,31
7294,55
7295,26
7296,64
7297,4
7298,15
7299,38
7300,93
7301,74
7302,95
7303,87
7304,72
7305,30
7306,44
7307,36
7308,64
7309,73
7310,35
7311,71
7312,24
7313,92
7314,4
7315,26
7316,71
7317,88
7318,67
7319,5
7320,58
7321,74
7322,99
7323,92
7324,62
7325,21
7326,36
7327,36
7328,82
7329,95
7330,71
7331,61
7332,23
7333,29
7334,51
7335,40
7336,50
7337,25
7338,19
7339,67
7340,6
7341,28
7342,68
7343,46
7344,5
7345,10
7346,2
7347,41
7348,55
7349,47
7350,57
7351,30
7352,52
7353,88
7354,92
7355,95
7356,51
7357,19
7358,84
7359,2
7360,76
7361,54
7362,22
7363,68
7364,70
7365,83
7366,5
7367,42
7368,11
7369,13
7370,30
7371,67
7372,77
7373,34
7374,29
7375,97
7376,58
7377,29
7378,8
7379,10
7380,92
7381,29
7382,3
7383,16
7384,52
7385,8
7386,50
7387,26
7388,17
7389,58
7390,86
7391,85
7392,93
7393,96
7394,75
7395,38
7396,23
7397,17
7398,87
7399,72
7400,86
7401,53
7402,23
7403,45
7404,88
7405,28
7406,9
7407,42
7408,32
7409,92
7410,87
7411,43
7412,29
7413,79
7414,52
7415,9
7416,95
7417,74
7418,57
7419,56
7420,99
7421,57
7422,81
7423,9
7424,0
7425,78
7426,64
7427,44
7428,10
7429,68
7430,40
7431,40
7432,4
7433,74
7434,19
7435,62
7436,28
7437,94
7438,52
7439,86
7440,40
7441,13
7442,70
7443,9
7444,15
7445,65
7446,68
7447,66
7448,24
7449,63
7450,56
7451,60
7452,12
7453,53
7454,36
7455,11
7456,20
7457,62
7458,24
7459,16
7460,26
7461,17
7462,33
7463,6
7464,40
7465,61
7466,73
7467,45
7468,75
7469,94
7470,29
7471,8
7472,97
7473,73
7474,12
7475,51
7476,63
7477,85
7478,33
7479,23
7480,53
7481,11
7482,70
7483,51
7484,8
7485,74
7486,56
7487,11
7488,60
7489,48
7490,98
7491,21
7492,60
7493,56
7494,63
7495,42
7496,96
7497,79
7498,17
7499,94
7500,16
7501,7
7502,91
7503,43
7504,14
7505,92
7506,6
7507,78
7508,13
7509,85
7510,96
7511,27
7512,81
7513,63
7514,59
7515,10
7516,78
7517,18
7518,53
7519,17
7520,44
7521,43
7522,10
7523,54
7524,94
7525,79
7526,68
7527,31
7528,69
7529,64
7530,83
7531,41
7532,71
7533,46
7534,96
7535,20
7536,87
7537,90
7538,52
7539,26
7540,83
7541,51
7542,20
7543,20
7544,11
7545,83
7546,72
7547,45
7548,68
7549,93
7550,86
7551,12
7552,60
7553,45
7554,99
7555,1
7556,62
7557,74
7558,93
7559,58
7560,88
7561,32
7562,88
7563,19
7564,3
7565,71
7566,19
7567,89
7568,73
7569,48
7570,58
7571,16
7572,63
7573,3
7574,30
7575,4
7576,93
7577,55
7578,98
7579,32
7580,14
7581,87
7582,38
7583,37
7584,84
7585,45
7586,92
7587,31
7588,54
7589,10
7590,89
7591,92
7592,78
7593,53
7594,45
7595,4
7596,28
7597,37
7598,54
7599,30
7600,95
7601,7
7602,59
7603,24
7604,94
7605,7
7606,94
7607,94
7608,11
7609,65
7610,65
7611,52
7612,40
7613,38
7614,4
7615,65
7616,82
7617,34
7618,75
7619,4
7620,74
7621,34
7622,5
7623,85
7624,30
7625,74
7626,22
7627,95
7628,13
7629,92
7630,27
7631,52
7632,6
7633,44
7634,92
7635,65
7636,69
7637,84
7638,0
7639,43
7640,48
7641,74
7642,62
7643,89
7644,53
7645,18
7646,12
7647,19
7648,8
7649,68
7650,30
7651,3
7652,83
7653,92
7654,83
7655,0
7656,40
7657,51
7658,58
7659,19
7660,90
7661,90
7662,90
7663,61
7664,41
7665,27
7666,52
7667,66
7668,68
7669,80
7670,4
7671,46
7672,65
7673,38
7674,35
7675,50
7676,88
7677,14
7678,75
7679,53
7680,3
7681,5
7682,98
7683,82
7684,7
7685,87
7686,61
7687,7
7688,27
7689,62
7690,5
7691,37
7692,72
7693,41
7694,94
7695,33
7696,65
7697,8
7698,39
7699,23
7700,6
7701,31
7702,63
7703,71
7704,67
7705,45
7706,84
7707,46
7708,74
7709,49
7710,85
7711,88
7712,50
7713,3
7714,40
7715,55
7716,36
7717,30
7718,41
7719,96
7720,54
7721,37
7722,37
7723,75
7724,38
7725,71
7726,24
7727,92
7728,9
7729,44
7730,57
7731,83
7732,45
7733,61
7734,47
7735,74
7736,87
7737,22
7738,85
7739,39
7740,18
7741,25
7742,98
7743,77
7744,70
7745,70
7746,23
7747,70
7748,87
7749,90
7750,38
7751,27
7752,97
7753,36
7754,83
7755,82
7756,42
7757,11
7758,7
7759,74
7760,80
7761,2
7762,9
7763,44
7764,40
7765,36
7766,12
7767,91
7768,78
7769,73
7770,69
7771,83
7772,33
7773,28
7774,90
7775,50
7776,82
7777,24
7778,38
7779,16
7780,84
7781,39
7782,7
7783,33
7784,10
7785,51
7786,96
7787,77
7788,29
7789,66
7790,53
7791,30
7792,84
7793,27
7794,5
7795,91
7796,53
7797,74
7798,72
7799,15
7800,15
7801,44
7802,25
7803,66
7804,25
7805,15
7806,48
7807,30
7808,3
7809,65
7810,77
7811,3
7812,13
7813,18
7814,92
7815,55
7816,13
7817,55
7818,29
7819,1
7820,91
7821,61
7822,75
7823,37
7824,71
7825,54
7826,46
7827,52
7828,94
7829,89
7830,90
7831,56
7832,57
7833,43
7834,60
7835,29
7836,30
7837,96
7838,78
7839,74
7840,65
7841,80
7842,54
7843,99
7844,60
7845,76
7846,92
7847,18
7848,14
7849,26
7850,9
7851,90
7852,85
7853,32
7854,63
7855,42
7856,30
7857,87
7858,29
7859,46
7860,99
7861,92
7862,8
7863,90
7864,65
7865,80
7866,41
7867,17
7868,23
7869,53
7870,66
7871,48
7872,5
7873,34
7874,13
7875,74
7876,11
7877,49
7878,40
7879,91
7880,16
7881,27
7882,37
7883,87
7884,89
7885,5
7886,69
7887,83
7888,74
7889,17
7890,24
7891,72
7892,32
7893,76
7894,45
7895,25
7896,52
7897,11
7898,72
7899,40
7900,58
7901,84
7902,6
7903,91
7904,38
7905,46
7906,66
7907,41
7908,24
7909,53
7910,23
7911,14
7912,31
7913,86
7914,75
7915,45
7916,11
7917,22
7918,96
7919,76
7920,52
7921,41
7922,90
7923,22
7924,34
7925,45
7926,29
7927,7
7928,30
7929,11
7930,1
7931,23
7932,3
7933,22
7934,5
7935,80
7936,93
7937,27
7938,39
7939,69
7940,62
7941,53
7942,54
7943,4
7944,18
7945,84
7946,99
7947,8
7948,96
7949,8
7950,88
7951,62
7952,29
7953,30
7954,73
7955,2
7956,33
7957,39
7958,4
7959,31
7960,45
7961,83
7962,58
7963,73
7964,18
7965,84
7966,4
7967,5
7968,57
7969,18
7970,23
7971,29
7972,85
7973,34
7974,93
7975,16
7976,86
7977,40
7978,95
7979,45
7980,97
7981,0
7982,3
7983,32
7984,31
7985,86
7986,92
7987,29
7988,85
7989,82
7990,91
7991,82
7992,17
7993,38
7994,58
7995,12
7996,26
7997,54
7998,28
7999,58
8000,6
8001,1
8002,50
8003,99
8004,53
8005,3
8006,87
8007,71
8008,91
8009,73
8010,1
8011,1
8012,35
8013,92
8014,19
8015,88
8016,11
8017,29
8018,56
8019,57
8020,54
8021,61
8022,20
8023,37
8024,17
8025,53
8026,89
8027,18
8028,81
8029,6
8030,96
8031,41
8032,72
8033,26
8034,25
8035,69
8036,25
8037,46
8038,38
8039,47
8040,24
8041,90
8042,74
8043,17
8044,7
8045,0
8046,87
8047,26
8048,73
8049,88
8050,56
8051,44
8052,12
8053,54
8054,38
8055,79
8056,8
8057,43
8058,65
8059,51
8060,40
8061,53
8062,98
8063,80
8064,31
8065,8
8066,57
8067,33
8068,88
8069,11
8070,6
8071,94
8072,92
8073,36
8074,22
8075,16
8076,3
8077,57
8078,2
8079,38
8080,88
8081,72
8082,58
8083,93
8084,36
8085,13
8086,91
8087,84
8088,9
8089,12
8090,9
8091,62
8092,85
8093,70
8094,59
8095,3
8096,2
8097,59
8098,79
8099,70
8100,34
8101,97
8102,22
8103,49
8104,18
8105,55
8106,92
8107,32
8108,38
8109,34
8110,61
8111,69
8112,37
8113,65
8114,24
8115,15
8116,78
8117,75
8118,65
8119,46
8120,1
8121,84
8122,78
8123,86
8124,55
8125,91
8126,13
8127,90
8128,68
8129,60
8130,45
8131,0
8132,80
8133,78
8134,67
8135,92
8136,14
8137,49
8138,35
8139,28
8140,3
8141,89
8142,7
8143,15
8144,66
8145,98
8146,50
8147,12
8148,41
8149,31
8150,28
8151,93
8152,84
8153,26
8154,74
8155,77
8156,50
8157,57
8158,11
8159,11
8160,73
8161,44
8162,66
8163,60
8164,45
8165,58
8166,82
8167,84
8168,98
8169,89
8170,28
8171,3
8172,95
8173,76
8174,60
8175,76
8176,91
8177,11
8178,2
8179,4
8180,62
8181,15
8182,91
8183,48
8184,63
8185,34
8186,42
8187,34
8188,53
8189,51
8190,28
8191,8
8192,40
8193,44
8194,59
8195,61
8196,60
8197,73
8198,61
8199,26
8200,63
8201,3
8202,49
8203,92
8204,92
8205,6
8206,55
8207,87
8208,18
8209,20
8210,3
8211,57
8212,85
8213,64
8214,65
8215,23
8216,55
8217,95
8218,81
8219,58
8220,73
8221,60
8222,21
8223,14
8224,15
8225,46
8226,28
8227,79
8228,90
8229,75
8230,73
8231,15
8232,48
8233,39
8234,99
8235,46
8236,94
8237,45
8238,91
8239,36
8240,77
8241,72
8242,75
8243,92
8244,94
8245,61
8246,85
8247,38
8248,12
8249,1
8250,0
8251,30
8252,84
8253,35
8254,29
8255,7
8256,18
8257,48
8258,89
8259,91
8260,84
8261,29
8262,62
8263,31
8264,40
8265,95
8266,30
8267,10
8268,86
8269,96
8270,83
8271,35
8272,20
8273,14
8274,28
8275,75
8276,11
8277,81
8278,22
8279,93
8280,79
8281,5
8282,88
8283,56
8284,81
8285,33
8286,84
8287,69
8288,30
8289,6
8290,68
8291,92
8292,87
8293,74
8294,7
8295,3
8296,72
8297,71
8298,5
8299,14
8300,48
8301,18
8302,0
8303,70
8304,29
8305,3
8306,24
8307,69
8308,86
8309,9
8310,42
8311,41
8312,39
8313,3
8314,0
8315,92
8316,85
8317,9
8318,43
8319,79
8320,77
8321,75
8322,74
8323,38
8324,42
8325,45
8326,12
8327,0
8328,35
8329,89
8330,43
8331,98
8332,69
8333,31
8334,42
8335,22
8336,71
8337,98
8338,72
8339,40
8340,28
8341,0
8342,21
8343,32
8344,1
8345,31
8346,47
8347,43
8348,92
8349,50
8350,68
8351,18
8352,1
8353,99
8354,31
8355,98
8356,96
8357,90
8358,2
8359,28
8360,37
8361,61
8362,31
8363,6
8364,4
8365,92
8366,38
8367,30
8368,28
8369,39
8370,18
8371,41
8372,44
8373,49
8374,70
8375,11
8376,19
8377,91
8378,82
8379,4
8380,60
8381,44
8382,56
8383,25
8384,32
8385,74
8386,31
8387,99
8388,73
8389,2
8390,89
8391,58
8392,93
8393,87
8394,45
8395,24
8396,11
8397,82
8398,52
8399,6
8400,30
8401,33
8402,8
8403,74
8404,26
8405,34
8406,39
8407,97
8408,52
8409,75
8410,33
8411,87
8412,59
8413,98
8414,16
8415,33
8416,76
8417,41
8418,97
8419,8
8420,75
8421,17
8422,55
8423,93
8424,44
8425,63
8426,41
8427,60
8428,73
8429,3
8430,21
8431,77
8432,90
8433,54
8434,87
8435,86
8436,37
8437,47
8438,38
8439,2
8440,73
8441,55
8442,16
8443,62
8444,26
8445,65
8446,28
8447,15
8448,1
8449,47
8450,17
8451,45
8452,92
8453,39
8454,42
8455,58
8456,49
8457,48
8458,44
8459,71
8460,48
8461,69
8462,9
8463,88
8464,84
8465,32
8466,71
8467,66
8468,66
8469,28
8470,82
8471,48
8472,39
8473,88
8474,93
8475,82
8476,14
8477,17
8478,56
8479,40
8480,70
8481,1
8482,68
8483,52
8484,69
8485,45
8486,16
8487,62
8488,85
8489,12
8490,99
8491,88
8492,40
8493,68
8494,36
8495,71
8496,17
8497,84
8498,20
8499,46
8500,75
8501,22
8502,92
8503,58
8504,51
8505,51
8506,75
8507,73
8508,54
8509,37
8510,28
8511,90
8512,55
8513,88
8514,12
8515,38
8516,30
8517,6
8518,39
8519,58
8520,61
8521,39
8522,56
8523,17
8524,33
8525,77
8526,50
8527,87
8528,75
8529,55
8530,16
8531,94
8532,3
8533,76
8534,60
8535,97
8536,1
8537,0
8538,75
8539,31
8540,30
8541,71
8542,75
8543,47
8544,6
8545,43
8546,74
8547,84
8548,18
8549,88
8550,1
8551,88
8552,53
8553,66
8554,5
8555,56
8556,86
8557,52
8558,40
8559,24
8560,86
8561,54
8562,54
8563,88
8564,61
8565,87
8566,54
8567,24
8568,10
8569,85
8570,17
8571,90
8572,22
8573,86
8574,77
8575,79
8576,94
8577,45
8578,0
8579,39
8580,89
8581,82
8582,41
8583,87
8584,91
8585,73
8586,72
8587,62
8588,72
8589,98
8590,10
8591,46
8592,28
8593,38
8594,27
8595,70
8596,13
8597,29
8598,15
8599,24
8600,76
8601,98
8602,72
8603,79
8604,15
8605,47
8606,47
8607,93
8608,67
8609,13
8610,26
8611,92
8612,95
8613,60
8614,70
8615,2
8616,82
8617,33
8618,34
8619,6
8620,65
8621,62
8622,62
8623,17
8624,36
8625,42
8626,47
8627,48
8628,79
8629,38
8630,31
8631,57
8632,66
8633,68
8634,74
8635,64
8636,16
8637,63
8638,86
8639,40
8640,18
8641,29
8642,65
8643,53
8644,41
8645,38
8646,55
8647,97
8648,15
8649,1
8650,93
8651,27
8652,1
8653,84
8654,69
8655,13
8656,0
8657,33
8658,55
8659,68
8660,30
8661,8
8662,3
8663,81
8664,45
8665,18
8666,41
8667,2
8668,28
8669,72
8670,5
8671,53
8672,34
8673,44
8674,93
8675,18
8676,44
8677,93
8678,37
8679,74
8680,11
8681,31
8682,69
8683,47
8684,86
8685,95
8686,85
8687,80
8688,1
8689,82
8690,45
8691,66
8692,77
8693,58
8694,31
8695,42
8696,23
8697,90
8698,6
8699,83
8700,31
8701,51
8702,80
8703,23
8704,64
8705,61
8706,16
8707,51
8708,99
8709,28
8710,19
8711,63
8712,14
8713,97
8714,78
8715,36
8716,71
8717,13
8718,50
8719,17
8720,28
8721,29
8722,10
8723,53
8724,83
8725,92
8726,53
8727,73
8728,7
8729,96
8730,82
8731,34
8732,15
8733,68
8734,68
8735,34
8736,82
8737,75
8738,37
8739,8
8740,94
8741,76
8742,24
8743,21
8744,8
8745,96
8746,53
8747,30
8748,4
8749,25
8750,27
8751,32
8752,96
8753,20
8754,29
8755,42
8756,69
8757,94
8758,26
8759,92
8760,60
8761,91
8762,34
8763,48
8764,71
8765,53
8766,5
8767,0
8768,59
8769,57
8770,69
8771,73
8772,44
8773,12
8774,42
8775,61
8776,21
8777,95
8778,88
8779,28
8780,15
8781,24
8782,1
8783,77
8784,73
8785,82
8786,5
8787,64
8788,51
8789,47
8790,79
8791,70
8792,46
8793,86
8794,59
8795,87
8796,60
8797,33
8798,76
8799,45
8800,51
8801,7
8802,1
8803,11
8804,94
8805,79
8806,10
8807,71
8808,26
8809,72
8810,60
8811,73
8812,9
8813,75
8814,5
8815,55
8816,14
8817,67
8818,38
8819,56
8820,88
8821,97
8822,40
8823,47
8824,11
8825,18
8826,85
8827,30
8828,92
8829,51
8830,79
8831,82
8832,99
8833,86
8834,15
8835,29
8836,75
8837,63
8838,83
8839,80
8840,24
8841,57
8842,43
8843,78
8844,49
8845,99
8846,95
8847,93
8848,27
8849,71
8850,74
8851,40
8852,64
8853,3
8854,57
8855,62
8856,55
8857,17
8858,11
8859,21
8860,32
8861,57
8862,99
8863,11
8864,6
8865,1
8866,82
8867,82
8868,94
8869,95
8870,81
8871,47
8872,93
8873,49
8874,67
8875,15
8876,60
8877,29
8878,6
8879,63
8880,62
8881,82
8882,36
8883,76
8884,31
8885,47
8886,75
8887,4
8888,29
8889,94
8890,27
8891,84
8892,95
8893,32
8894,11
8895,29
8896,37
8897,0
8898,65
8899,40
8900,53
8901,87
8902,95
8903,53
8904,50
8905,98
8906,89
8907,69
8908,93
8909,81
8910,40
8911,71
8912,31
8913,33
8914,73
8915,75
8916,58
8917,47
8918,97
8919,1
8920,13
8921,33
8922,46
8923,62
8924,92
8925,53
8926,46
8927,66
8928,45
8929,48
8930,94
8931,10
8932,40
8933,60
8934,27
8935,98
8936,59
8937,52
8938,99
8939,57
8940,4
8941,83
8942,89
8943,71
8944,68
8945,52
8946,46
8947,12
8948,35
8949,97
8950,62
8951,52
8952,2
8953,58
8954,77
8955,96
8956,86
8957,45
8958,58
8959,69
8960,74
8961,14
8962,51
8963,54
8964,63
8965,97
8966,58
8967,42
8968,6
8969,66
8970,81
8971,99
8972,28
8973,50
8974,57
8975,88
8976,20
8977,38
8978,71
8979,47
8980,53
8981,48
8982,79
8983,59
8984,29
8985,82
8986,90
8987,93
8988,81
8989,17
8990,14
8991,69
8992,25
8993,32
8994,39
8995,62
8996,89
8997,29
8998,67
8999,40
9000,28
9001,98
9002,88
9003,20
9004,4
9005,18
9006,71
9007,48
9008,69
9009,54
9010,87
9011,6
9012,39
9013,69
9014,15
9015,37
9016,10
9017,48
9018,98
9019,89
9020,67
9021,35
9022,38
9023,72
9024,21
9025,96
9026,11
9027,84
9028,84
9029,30
9030,13
9031,30
9032,98
9033,31
9034,45
9035,17
9036,77
9037,74
9038,41
9039,89
9040,19
9041,54
9042,63
9043,68
9044,9
9045,91
9046,67
9047,3
9048,25
9049,71
9050,51
9051,38
9052,9
9053,82
9054,3
9055,76
9056,20
9057,71
9058,42
9059,94
9060,80
9061,72
9062,14
9063,25
9064,10
9065,36
9066,4
9067,45
9068,2
9069,60
9070,14
9071,62
9072,60
9073,88
9074,39
9075,67
9076,63
9077,23
9078,33
9079,88
9080,78
9081,58
9082,0
9083,83
9084,23
9085,27
9086,56
9087,20
9088,79
9089,20
9090,30
9091,47
9092,19
9093,55
9094,40
9095,51
9096,26
9097,83
9098,56
9099,47
9100,92
9101,52
9102,10
9103,40
9104,3
9105,3
9106,23
9107,9
9108,5
9109,43
9110,15
9111,74
9112,77
9113,19
9114,73
9115,77
9116,7
9117,69
9118,4
9119,61
9120,50
9121,30
9122,39
9123,14
9124,84
9125,51
9126,9
9127,17
9128,28
9129,45
9130,2
9131,12
9132,62
9133,49
9134,63
9135,71
9136,12
9137,35
9138,77
9139,98
9140,3
9141,40
9142,15
9143,84
9144,19
9145,91
9146,70
9147,62
9148,34
9149,87
9150,30
9151,11
9152,26
9153,99
9154,33
9155,90
9156,16
9157,56
9158,63
9159,24
9160,71
9161,3
9162,19
9163,29
9164,23
9165,68
9166,45
9167,81
9168,61
9169,90
9170,21
9171,57
9172,22
9173,87
9174,82
9175,12
9176,38
9177,10
9178,93
9179,77
9180,84
9181,41
9182,64
9183,76
9184,25
9185,91
9186,94
9187,42
9188,38
9189,19
9190,76
9191,87
9192,18
9193,51
9194,1
9195,50
9196,94
9197,7
9198,45
9199,23
9200,0
9201,55
9202,91
9203,89
9204,95
9205,48
9206,45
9207,54
9208,40
9209,9
9210,68
9211,56
9212,2
9213,50
9214,69
9215,67
9216,71
9217,25
9218,50
9219,60
9220,79
9221,0
9222,44
9223,74
9224,2
9225,80
9226,2
9227,32
9228,92
9229,10
9230,69
9231,97
9232,13
9233,30
9234,27
9235,74
9236,8
9237,17
9238,42
9239,91
9240,11
9241,36
9242,69
9243,4
9244,0
9245,84
9246,49
9247,85
9248,3
9249,18
9250,79
9251,76
9252,13
9253,8
9254,92
9255,85
9256,82
9257,7
9258,73
9259,89
9260,32
9261,42
9262,39
9263,26
9264,34
9265,63
9266,15
9267,50
9268,16
9269,92
9270,94
9271,60
9272,75
9273,92
9274,62
9275,85
9276,48
9277,33
9278,11
9279,25
9280,64
9281,44
9282,75
9283,75
9284,74
9285,3
9286,67
9287,17
9288,89
9289,92
9290,19
9291,36
9292,22
9293,73
9294,83
9295,63
9296,2
9297,62
9298,37
9299,98
9300,99
9301,22
9302,56
9303,26
9304,84
9305,14
9306,71
9307,94
9308,67
9309,59
9310,41
9311,52
9312,91
9313,59
9314,43
9315,82
9316,40
9317,30
9318,78
9319,96
9320,47
9321,40
9322,1
9323,6
9324,78
9325,72
9326,93
9327,85
9328,18
9329,4
9330,54
9331,25
9332,44
9333,2
9334,16
9335,44
9336,59
9337,2
9338,54
9339,11
9340,56
9341,75
9342,52
9343,76
9344,20
9345,41
9346,97
9347,9
9348,78
9349,38
9350,84
9351,3
9352,35
9353,88
9354,84
9355,18
9356,6
9357,9
9358,72
9359,34
9360,6
9361,75
9362,15
9363,29
9364,11
9365,20
9366,95
9367,3
9368,87
9369,50
9370,78
9371,83
9372,91
9373,74
9374,86
9375,95
9376,74
9377,58
9378,36
9379,90
9380,8
9381,76
9382,27
9383,95
9384,65
9385,62
9386,37
9387,40
9388,58
9389,96
9390,1
9391,61
9392,59
9393,21
9394,60
9395,89
9396,82
9397,99
9398,80
9399,52
9400,65
9401,55
9402,32
9403,77
9404,69
9405,44
9406,42
9407,79
9408,11
9409,20
9410,38
9411,52
9412,15
9413,79
9414,65
9415,63
9416,52
9417,26
9418,15
9419,42
9420,79
9421,39
9422,30
9423,99
9424,5
9425,8
9426,38
9427,52
9428,9
9429,58
9430,80
9431,82
9432,31
9433,43
9434,93
9435,70
9436,99
9437,21
9438,17
9439,56
9440,64
9441,74
9442,51
9443,92
9444,61
9445,85
9446,78
9447,58
9448,10
9449,53
9450,74
9451,47
9452,5
9453,42
9454,81
9455,14
9456,77
9457,67
9458,66
9459,63
9460,45
9461,93
9462,46
9463,42
9464,45
9465,87
9466,63
9467,87
9468,26
9469,41
9470,70
9471,29
9472,21
9473,32
9474,90
9475,36
9476,85
9477,3
9478,87
9479,21
9480,87
9481,71
9482,53
9483,27
9484,74
9485,1
9486,8
9487,74
9488,98
9489,61
9490,88
9491,58
9492,10
9493,83
9494,31
9495,58
9496,80
9497,24
9498,67
9499,49
9500,12
9501,28
9502,74
9503,1
9504,58
9505,45
9506,87
9507,79
9508,93
9509,14
9510,47
9511,31
9512,77
9513,59
9514,49
9515,71
9516,12
9517,67
9518,81
9519,2
9520,54
9521,67
9522,15
9523,21
9524,1
9525,88
9526,21
9527,28
9528,95
9529,91
9530,12
9531,97
9532,82
9533,22
9534,16
9535,66
9536,5
9537,1
9538,34
9539,31
9540,73
9541,27
9542,81
9543,63
9544,53
9545,23
9546,13
9547,86
9548,42
9549,71
9550,28
9551,75
9552,46
9553,45
9554,79
9555,16
9556,8
9557,41
9558,22
9559,13
9560,87
9561,44
9562,65
9563,62
9564,49
9565,70
9566,57
9567,7
9568,74
9569,40
9570,91
9571,23
9572,13
9573,55
9574,6
9575,42
9576,98
9577,95
9578,39
9579,35
9580,94
9581,41
9582,36
9583,52
9584,12
9585,43
9586,86
9587,97
9588,53
9589,50
9590,64
9591,55
9592,61
9593,20
9594,22
9595,57
9596,25
9597,71
9598,65
9599,68
9600,20
9601,49
9602,67
9603,87
9604,16
9605,41
9606,66
9607,72
9608,5
9609,51
9610,92
9611,25
9612,42
9613,43
9614,85
9615,8
9616,2
9617,5
9618,45
9619,68
9620,71
9621,56
9622,99
9623,72
9624,45
9625,11
9626,76
9627,50
9628,30
9629,53
9630,45
9631,68
9632,65
9633,92
9634,23
9635,2
9636,95
9637,40
9638,95
9639,62
9640,11
9641,23
9642,78
9643,37
9644,67
9645,50
9646,8
9647,15
9648,4
9649,80
9650,27
9651,60
9652,6
9653,54
9654,48
9655,16
9656,57
9657,94
9658,30
9659,70
9660,43
9661,62
9662,58
9663,19
9664,23
9665,31
9666,40
9667,37
9668,95
9669,2
9670,99
9671,86
9672,53
9673,89
9674,11
9675,52
9676,58
9677,54
9678,85
9679,4
9680,64
9681,53
9682,3
9683,69
9684,43
9685,31
9686,51
9687,47
9688,52
9689,40
9690,53
9691,45
9692,15
9693,83
9694,21
9695,90
9696,40
9697,28
9698,53
9699,27
9700,59
9701,89
9702,33
9703,92
9704,89
9705,44
9706,12
9707,55
9708,19
9709,35
9710,78
9711,82
9712,60
9713,31
9714,5
9715,47
9716,9
9717,73
9718,69
9719,36
9720,45
9721,54
9722,95
9723,37
9724,61
9725,10
9726,69
9727,11
9728,64
9729,76
9730,33
9731,10
9732,13
9733,11
9734,94
9735,24
9736,42
9737,1
9738,33
9739,91
9740,29
9741,79
9742,39
9743,15
9744,99
9745,3
9746,41
9747,66
9748,80
9749,27
9750,45
9751,55
9752,32
9753,5
9754,45
9755,9
9756,44
9757,76
9758,19
9759,54
9760,24
9761,56
9762,65
9763,46
9764,97
9765,23
9766,39
9767,5
9768,97
9769,58
9770,16
9771,52
9772,44
9773,56
9774,98
9775,82
9776,41
9777,98
9778,51
9779,79
9780,19
9781,18
9782,67
9783,64
9784,2
9785,96
9786,49
9787,64
9788,40
9789,36
9790,97
9791,28
9792,18
9793,49
9794,62
9795,40
9796,31
9797,4
9798,18
9799,81
9800,91
9801,5
9802,87
9803,3
9804,50
9805,3
9806,86
9807,58
9808,17
9809,12
9810,88
9811,46
9812,24
9813,74
9814,40
9815,13
9816,98
9817,84
9818,21
9819,76
9820,14
9821,59
9822,49
9823,30
9824,60
9825,38
9826,51
9827,72
9828,87
9829,38
9830,21
9831,53
9832,98
9833,48
9834,24
9835,13
9836,31
9837,95
9838,84
9839,2
9840,61
9841,24
9842,24
9843,11
9844,45
9845,99
9846,27
9847,51
9848,91
9849,0
9850,98
9851,50
9852,57
9853,4
9854,60
9855,90
9856,86
9857,11
9858,11
9859,99
9860,99
9861,77
9862,57
9863,62
9864,2
9865,70
9866,69
9867,69
9868,91
9869,79
9870,93
9871,58
9872,0
9873,20
9874,7
9875,85
9876,82
9877,79
9878,58
9879,73
9880,58
9881,75
9882,85
9883,38
9884,70
9885,44
9886,97
9887,11
9888,53
9889,37
9890,30
9891,28
9892,28
9893,74
9894,24
9895,29
9896,95
9897,1
9898,2
9899,36
9900,47
9901,99
9902,27
9903,85
9904,0
9905,71
9906,64
9907,82
9908,62
9909,31
9910,86
9911,57
9912,72
9913,30
9914,42
9915,91
9916,84
9917,85
9918,90
9919,69
9920,82
9921,21
9922,89
9923,68
9924,68
9925,76
9926,31
9927,58
9928,8
9929,5
9930,13
9931,30
9932,78
9933,57
9934,47
9935,99
9936,27
9937,12
9938,92
9939,89
9940,82
9941,78
9942,66
9943,62
9944,50
9945,4
9946,90
9947,29
9948,97
9949,67
9950,56
9951,18
9952,6
9953,72
9954,95
9955,54
9956,53
9957,45
9958,16
9959,73
9960,44
9961,33
9962,24
9963,86
9964,19
9965,97
9966,4
9967,9
9968,83
9969,89
9970,6
9971,25
9972,10
9973,49
9974,84
9975,83
9976,80
9977,83
9978,3
9979,27
9980,30
9981,52
9982,74
9983,29
9984,59
9985,90
9986,14
9987,77
9988,4
9989,7
9990,75
9991,27
9992,16
9993,30
9994,74
9995,83
9996,74
9997,51
9998,42
9999,70
